team_id,team_name,player_id,player_name,age,position,club,league,nationality,caps,international_goals,market_value,player_rating,season_minutes,season_appearances
758,Uruguay,3160,Fernando Muslera,39.0,Goalkeeper,,,Uruguay,,,,,,
758,Uruguay,30210,Santiago Mele,28.0,Goalkeeper,,,Uruguay,,,,,,
758,Uruguay,30386,Sergio Rochet,33.0,Goalkeeper,,,Uruguay,,,,,,
758,Uruguay,3165,Guillermo Varela,33.0,Defence,,,Uruguay,,,,,,
758,Uruguay,28292,Ronald Araújo,27.0,Defence,,,Uruguay,,,,,,
758,Uruguay,28326,Sebastían Cáceres,26.0,Defence,,,Uruguay,,,,,,
758,Uruguay,28426,Matías Viña,28.0,Defence,,,Uruguay,,,,,,
758,Uruguay,28740,Joaquín Piquerez,27.0,Defence,,,Uruguay,,,,,,
758,Uruguay,28770,Maximiliano Araújo,26.0,Defence,,,Uruguay,,,,,,
758,Uruguay,32754,Mathías Olivera,28.0,Defence,,,Uruguay,,,,,,
758,Uruguay,32767,Santiago Bueno,27.0,Defence,,,Uruguay,,,,,,
758,Uruguay,213277,José Giménez,31.0,Defence,,,Uruguay,,,,,,
758,Uruguay,96,Federico Valverde,27.0,Midfield,,,Uruguay,,,,,,
758,Uruguay,1244,Giorgian De Arrascaeta,32.0,Midfield,,,Uruguay,,,,,,
758,Uruguay,2041,Rodrigo Bentancur,28.0,Midfield,,,Uruguay,,,,,,
758,Uruguay,28549,Manuel Ugarte,25.0,Midfield,,,Uruguay,,,,,,
758,Uruguay,28618,Brian Rodríguez,26.0,Midfield,,,Uruguay,,,,,,
758,Uruguay,121007,Rodrigo Zalazar,26.0,Midfield,,,Uruguay,,,,,,
758,Uruguay,122506,Facundo Pellistri,24.0,Midfield,,,Uruguay,,,,,,
758,Uruguay,130957,Emiliano Martínez,26.0,Midfield,,,Uruguay,,,,,,
758,Uruguay,152435,Juan Sanabria,26.0,Midfield,,,Uruguay,,,,,,
758,Uruguay,168795,Nicolas de la Cruz,29.0,Midfield,,,Uruguay,,,,,,
758,Uruguay,11206,Rodrigo Aguirre,31.0,Offence,,,Uruguay,,,,,,
758,Uruguay,28612,Darwin Núñez,26.0,Offence,,,Uruguay,,,,,,
758,Uruguay,28614,Agustín Canobbio,27.0,Offence,,,Uruguay,,,,,,
758,Uruguay,112678,Federico Viñas,27.0,Offence,,,Uruguay,,,,,,
759,Germany,316,Oliver Baumann,36.0,Goalkeeper,,,Germany,,,,,,
759,Germany,341,Manuel Neuer,40.0,Goalkeeper,,,Germany,,,,,,
759,Germany,6491,Alexander Nübel,29.0,Goalkeeper,,,Germany,,,,,,
759,Germany,149,Jonathan Tah,30.0,Defence,,,Germany,,,,,,
759,Germany,379,Waldemar Anton,29.0,Defence,,,Germany,,,,,,
759,Germany,3177,Antonio Rüdiger,33.0,Defence,,,Germany,,,,,,
759,Germany,9905,David Raum,28.0,Defence,,,Germany,,,,,,
759,Germany,75539,Nico Schlotterbeck,26.0,Defence,,,Germany,,,,,,
759,Germany,142732,Malick Thiaw,24.0,Defence,,,Germany,,,,,,
759,Germany,184533,Nathaniel Brown,22.0,Defence,,,Germany,,,,,,
759,Germany,320,Nadiem Amiri,29.0,Midfield,,,Germany,,,,,,
759,Germany,359,Joshua Kimmich,31.0,Midfield,,,Germany,,,,,,
759,Germany,3181,Leon Goretzka,31.0,Midfield,,,Germany,,,,,,
759,Germany,8273,Pascal Groß,34.0,Midfield,,,Germany,,,,,,
759,Germany,19334,Florian Wirtz,23.0,Midfield,,,Germany,,,,,,
759,Germany,101074,Felix Kalu Nmecha,25.0,Midfield,,,Germany,,,,,,
759,Germany,128565,Angelo Stiller,25.0,Midfield,,,Germany,,,,,,
759,Germany,144393,Jamal Musiala,23.0,Midfield,,,Germany,,,,,,
759,Germany,202665,Aleksandar Pavlović,22.0,Midfield,,,Germany,,,,,,
759,Germany,212636,Assan Ouédraogo,20.0,Midfield,,,Germany,,,,,,
759,Germany,171,Kai Havertz,27.0,Offence,,,Germany,,,,,,
759,Germany,3184,Leroy Sané,30.0,Offence,,,Germany,,,,,,
759,Germany,6928,Deniz Undav,29.0,Offence,,,Germany,,,,,,
759,Germany,123333,Jamie Leweling,25.0,Offence,,,Germany,,,,,,
759,Germany,133547,Nick Woltemade,24.0,Offence,,,Germany,,,,,,
759,Germany,133903,Maximilian Beier,23.0,Offence,,,Germany,,,,,,
760,Spain,4832,David Raya,30.0,Goalkeeper,,,Spain,,,,,,
760,Spain,32570,Unai Simón,29.0,Goalkeeper,,,Spain,,,,,,
760,Spain,152506,Joan García,25.0,Goalkeeper,,,Spain,,,,,,
760,Spain,7884,Aymeric Laporte,32.0,Defence,,,Spain,,,,,,
760,Spain,15863,Cucurella,27.0,Defence,,,Spain,,,,,,
760,Spain,16739,Alejandro Grimaldo,30.0,Defence,,,Spain,,,,,,
760,Spain,81037,Pedro Porro,26.0,Defence,,,Spain,,,,,,
760,Spain,101345,Eric García,25.0,Defence,,,Spain,,,,,,
760,Spain,176745,Marc Pubill,22.0,Defence,,,Spain,,,,,,
760,Spain,217540,Pau Cubarsí,19.0,Defence,,,Spain,,,,,,
760,Spain,22,Fabián Ruiz,30.0,Midfield,,,Spain,,,,,,
760,Spain,70,Marcos Llorente,31.0,Midfield,,,Spain,,,,,,
760,Spain,3199,Rodri,29.0,Midfield,,,Spain,,,,,,
760,Spain,7935,Mikel Merino,29.0,Midfield,,,Spain,,,,,,
760,Spain,23132,Dani Olmo,28.0,Midfield,,,Spain,,,,,,
760,Spain,33154,Ferrán Torres,26.0,Midfield,,,Spain,,,,,,
760,Spain,115035,Martín Zubimendi,27.0,Midfield,,,Spain,,,,,,
760,Spain,133860,Pedri,23.0,Midfield,,,Spain,,,,,,
760,Spain,171992,Pablo Gavira,21.0,Midfield,,,Spain,,,,,,
760,Spain,180137,Mikel Oyarzabal,29.0,Midfield,,,Spain,,,,,,
760,Spain,213278,Álex Baena,24.0,Midfield,,,Spain,,,,,,
760,Spain,32056,Borja Iglesias,33.0,Offence,,,Spain,,,,,,
760,Spain,152505,Yeremi Pino,23.0,Offence,,,Spain,,,,,,
760,Spain,157135,Nico Williams,23.0,Offence,,,Spain,,,,,,
760,Spain,202283,Lamine Yamal,18.0,Offence,,,Spain,,,,,,
760,Spain,273423,Víctor Muñoz,22.0,Offence,,,Spain,,,,,,
761,Paraguay,28294,Gastón Olveira,33.0,Goalkeeper,,,Paraguay,,,,,,
761,Paraguay,169622,Roberto Fernández,38.0,Goalkeeper,,,Paraguay,,,,,,
761,Paraguay,270728,Orlando Gill,26.0,Goalkeeper,,,Paraguay,,,,,,
761,Paraguay,1436,Fabián Balbuena,34.0,Defence,,,Paraguay,,,,,,
761,Paraguay,1741,Gustavo Gómez,33.0,Defence,,,Paraguay,,,,,,
761,Paraguay,8395,Júnior Alonso,33.0,Defence,,,Paraguay,,,,,,
761,Paraguay,46491,Omar Alderete,29.0,Defence,,,Paraguay,,,,,,
761,Paraguay,141752,Juan Cáceres,26.0,Defence,,,Paraguay,,,,,,
761,Paraguay,172169,Gustavo Velázquez,35.0,Defence,,,Paraguay,,,,,,
761,Paraguay,178832,José Canale,29.0,Defence,,,Paraguay,,,,,,
761,Paraguay,274608,Alexandro Maidana,20.0,Defence,,,Paraguay,,,,,,
761,Paraguay,46467,Andrés Cubas,30.0,Midfield,,,Paraguay,,,,,,
761,Paraguay,57316,Kaku,31.0,Midfield,,,Paraguay,,,,,,
761,Paraguay,76861,Miguel Almirón,32.0,Midfield,,,Paraguay,,,,,,
761,Paraguay,119594,Mauricio,24.0,Midfield,,,Paraguay,,,,,,
761,Paraguay,122397,Braian Ojeda,25.0,Midfield,,,Paraguay,,,,,,
761,Paraguay,165622,Matías Galarza,24.0,Midfield,,,Paraguay,,,,,,
761,Paraguay,168954,Damian Bobadilla,24.0,Midfield,,,Paraguay,,,,,,
761,Paraguay,178951,Diego Gómez,23.0,Midfield,,,Paraguay,,,,,,
761,Paraguay,14,Antonio Sanabria,30.0,Offence,,,Paraguay,,,,,,
761,Paraguay,59693,Gabriel Ávalos,35.0,Offence,,,Paraguay,,,,,,
761,Paraguay,114353,Isidro Pitta,26.0,Offence,,,Paraguay,,,,,,
761,Paraguay,140647,Ramón Sosa,26.0,Offence,,,Paraguay,,,,,,
761,Paraguay,168949,Julio Enciso,22.0,Offence,,,Paraguay,,,,,,
761,Paraguay,191772,Gustavo Caballero,24.0,Offence,,,Paraguay,,,,,,
761,Paraguay,250206,Alex Arce,30.0,Offence,,,Paraguay,,,,,,
762,Argentina,6,Géronimo Rulli,34.0,Goalkeeper,,,Argentina,,,,,,
762,Argentina,3141,Emiliano Martínez,33.0,Goalkeeper,,,Argentina,,,,,,
762,Argentina,46554,Juan Musso,32.0,Goalkeeper,,,Argentina,,,,,,
762,Argentina,3205,Nicolás Otamendi,38.0,Defence,,,Argentina,,,,,,
762,Argentina,3208,Nicolás Tagliafico,33.0,Defence,,,Argentina,,,,,,
762,Argentina,11667,Gonzalo Montiel,29.0,Defence,,,Argentina,,,,,,
762,Argentina,45735,Christian Romero,28.0,Defence,,,Argentina,,,,,,
762,Argentina,46125,Facundo Medina,27.0,Defence,,,Argentina,,,,,,
762,Argentina,46451,Lisandro Martínez,28.0,Defence,,,Argentina,,,,,,
762,Argentina,46452,Nahuel Molina,28.0,Defence,,,Argentina,,,,,,
762,Argentina,82020,Leonardo Balerdi,27.0,Defence,,,Argentina,,,,,,
762,Argentina,170261,Valentin Barco,21.0,Defence,,,Argentina,,,,,,
762,Argentina,2127,Rodrigo de Paul,32.0,Midfield,,,Argentina,,,,,,
762,Argentina,3214,Leandro Paredes,31.0,Midfield,,,Argentina,,,,,,
762,Argentina,3216,Giovani Lo Celso,30.0,Midfield,,,Argentina,,,,,,
762,Argentina,11720,Exequiel Palacios,27.0,Midfield,,,Argentina,,,,,,
762,Argentina,45681,Alexis Mac Allister,27.0,Midfield,,,Argentina,,,,,,
762,Argentina,79953,Thiago Almada,25.0,Midfield,,,Argentina,,,,,,
762,Argentina,102603,Enzo Fernández,25.0,Midfield,,,Argentina,,,,,,
762,Argentina,203511,Nico Paz,21.0,Midfield,,,Argentina,,,,,,
762,Argentina,3218,Lionel Messi,38.0,Offence,,,Argentina,,,,,,
762,Argentina,3220,Lautaro Martínez,28.0,Offence,,,Argentina,,,,,,
762,Argentina,45680,Nicolás González,28.0,Offence,,,Argentina,,,,,,
762,Argentina,98571,Julián Álvarez,26.0,Offence,,,Argentina,,,,,,
762,Argentina,170698,José Manuel López,25.0,Offence,,,Argentina,,,,,,
762,Argentina,171964,Giuliano Simeone,23.0,Offence,,,Argentina,,,,,,
763,Ghana,495,Lawrence Ati-Zigi,29.0,Goalkeeper,,,Ghana,,,,,,
763,Ghana,137390,Joseph Anang,26.0,Goalkeeper,,,Ghana,,,,,,
763,Ghana,277336,Benjamin Asare,33.0,Goalkeeper,,,Ghana,,,,,,
763,Ghana,6499,Abdul Rahman Baba,31.0,Defence,,,Ghana,,,,,,
763,Ghana,7442,Derrick Luckassen,30.0,Defence,,,Ghana,,,,,,
763,Ghana,16340,Gideon Mensah,27.0,Defence,,,Ghana,,,,,,
763,Ghana,25641,Abdul Mumin,28.0,Defence,,,Ghana,,,,,,
763,Ghana,128235,Jerome Opoku,27.0,Defence,,,Ghana,,,,,,
763,Ghana,147893,Alidu Seidu,26.0,Defence,,,Ghana,,,,,,
763,Ghana,153924,Marvin Senaya,25.0,Defence,,,Ghana,,,,,,
763,Ghana,191269,Jonas Adjei Adjetey,22.0,Defence,,,Ghana,,,,,,
763,Ghana,202896,Kojo Peprah Oppong,22.0,Defence,,,Ghana,,,,,,
763,Ghana,110,Thomas Partey,32.0,Midfield,,,Ghana,,,,,,
763,Ghana,8470,Elisha Owusu,28.0,Midfield,,,Ghana,,,,,,
763,Ghana,79960,Kwasi Sibo,27.0,Midfield,,,Ghana,,,,,,
763,Ghana,175747,Augustine Boakye,25.0,Midfield,,,Ghana,,,,,,
763,Ghana,262187,Caleb Yirenkyi,20.0,Midfield,,,Ghana,,,,,,
763,Ghana,4417,Antoine Semenyo,26.0,Offence,,,Ghana,,,,,,
763,Ghana,6389,Brandon Thomas-Asante,27.0,Offence,,,Ghana,,,,,,
763,Ghana,7984,Jordan Ayew,34.0,Offence,,,Ghana,,,,,,
763,Ghana,32629,Iñaki Williams,31.0,Offence,,,Ghana,,,,,,
763,Ghana,142140,Kamal Deen Sulemana,24.0,Offence,,,Ghana,,,,,,
763,Ghana,184726,Ernest Nuamah,22.0,Offence,,,Ghana,,,,,,
763,Ghana,187162,Abdul Issahaku,22.0,Offence,,,Ghana,,,,,,
763,Ghana,193596,Christopher Bonsu Baah,21.0,Offence,,,Ghana,,,,,,
763,Ghana,218805,Prince Adu,22.0,Offence,,,Ghana,,,,,,
764,Brazil,1170,Weverton,38.0,Goalkeeper,,,Brazil,,,,,,
764,Brazil,1795,Alisson Becker,33.0,Goalkeeper,,,Brazil,,,,,,
764,Brazil,3222,Ederson,32.0,Goalkeeper,,,Brazil,,,,,,
764,Brazil,1081,Roger Ibañez,27.0,Defence,,,Brazil,,,,,,
764,Brazil,1106,Bremer,29.0,Defence,,,Brazil,,,,,,
764,Brazil,2028,Alex Sandro,35.0,Defence,,,Brazil,,,,,,
764,Brazil,3225,Marquinhos,32.0,Defence,,,Brazil,,,,,,
764,Brazil,6517,Douglas Santos,32.0,Defence,,,Brazil,,,,,,
764,Brazil,7881,Danilo Luiz da Silva,34.0,Defence,,,Brazil,,,,,,
764,Brazil,11192,Léo Pereira,30.0,Defence,,,Brazil,,,,,,
764,Brazil,23128,Gabriel Magalhães,28.0,Defence,,,Brazil,,,,,,
764,Brazil,179164,Wesley,22.0,Defence,,,Brazil,,,,,,
764,Brazil,1543,Lucas Paquetá,28.0,Midfield,,,Brazil,,,,,,
764,Brazil,1684,Bruno Guimarães,28.0,Midfield,,,Brazil,,,,,,
764,Brazil,3231,Casemiro,34.0,Midfield,,,Brazil,,,,,,
764,Brazil,8749,Fabinho,32.0,Midfield,,,Brazil,,,,,,
764,Brazil,149704,Danilo dos Santos de Oliveira,25.0,Midfield,,,Brazil,,,,,,
764,Brazil,1556,Vinicius Junior,25.0,Offence,,,Brazil,,,,,,
764,Brazil,8491,Neymar,34.0,Offence,,,Brazil,,,,,,
764,Brazil,30842,Matheus Cunha,27.0,Offence,,,Brazil,,,,,,
764,Brazil,37428,Raphinha,29.0,Offence,,,Brazil,,,,,,
764,Brazil,61450,Martinelli,24.0,Offence,,,Brazil,,,,,,
764,Brazil,138230,Thiago,24.0,Offence,,,Brazil,,,,,,
764,Brazil,145539,Luiz Henrique,25.0,Offence,,,Brazil,,,,,,
764,Brazil,188487,Endrick,19.0,Offence,,,Brazil,,,,,,
764,Brazil,203356,Rayan,19.0,Offence,,,Brazil,,,,,,
765,Portugal,15899,José Sá,33.0,Goalkeeper,,,Portugal,,,,,,
765,Portugal,32014,Rui Silva,32.0,Goalkeeper,,,Portugal,,,,,,
765,Portugal,37362,Diogo Costa,26.0,Goalkeeper,,,Portugal,,,,,,
765,Portugal,2000,João Cancelo,32.0,Defence,,,Portugal,,,,,,
765,Portugal,10183,Rúben Dias,29.0,Defence,,,Portugal,,,,,,
765,Portugal,15862,Nélson Semedo,32.0,Defence,,,Portugal,,,,,,
765,Portugal,15905,Diogo Dalot,27.0,Defence,,,Portugal,,,,,,
765,Portugal,91512,Matheus Nunes,27.0,Defence,,,Portugal,,,,,,
765,Portugal,144570,Nuno Mendes,23.0,Defence,,,Portugal,,,,,,
765,Portugal,145357,Gonçalo Inácio,24.0,Defence,,,Portugal,,,,,,
765,Portugal,177842,Tomas Araujo,24.0,Defence,,,Portugal,,,,,,
765,Portugal,178769,Renato Veiga,22.0,Defence,,,Portugal,,,,,,
765,Portugal,3254,Bernardo Silva,31.0,Midfield,,,Portugal,,,,,,
765,Portugal,3255,Rúben Neves,29.0,Midfield,,,Portugal,,,,,,
765,Portugal,3257,Bruno Fernandes,31.0,Midfield,,,Portugal,,,,,,
765,Portugal,3259,Gonçalo Guedes,29.0,Midfield,,,Portugal,,,,,,
765,Portugal,140814,Samuel Almeida Costa,25.0,Midfield,,,Portugal,,,,,,
765,Portugal,178722,Vitinha,26.0,Midfield,,,Portugal,,,,,,
765,Portugal,190877,Joao Neves,21.0,Midfield,,,Portugal,,,,,,
765,Portugal,44,Cristiano Ronaldo,41.0,Offence,,,Portugal,,,,,,
765,Portugal,2074,Pedro Neto,26.0,Offence,,,Portugal,,,,,,
765,Portugal,15892,Rafael Leão,27.0,Offence,,,Portugal,,,,,,
765,Portugal,37332,Trincão,26.0,Offence,,,Portugal,,,,,,
765,Portugal,39265,João Félix,26.0,Offence,,,Portugal,,,,,,
765,Portugal,101431,Gonçalo Ramos,24.0,Offence,,,Portugal,,,,,,
765,Portugal,150791,Francisco Conceição,23.0,Offence,,,Portugal,,,,,,
766,Japan,48729,Keisuke Ōsako,26.0,Goalkeeper,,,Japan,,,,,,
766,Japan,118920,Zion Suzuki,23.0,Goalkeeper,,,Japan,,,,,,
766,Japan,161335,Tomoki Hayakawa,27.0,Goalkeeper,,,Japan,,,,,,
766,Japan,3264,Yūto Nagatomo,39.0,Defence,,,Japan,,,,,,
766,Japan,9034,Takehiro Tomiyasu,27.0,Defence,,,Japan,,,,,,
766,Japan,48657,Hiroki Ito,27.0,Defence,,,Japan,,,,,,
766,Japan,48670,Yukinari Sugawara,25.0,Defence,,,Japan,,,,,,
766,Japan,48902,Ko Itakura,29.0,Defence,,,Japan,,,,,,
766,Japan,49097,Shogo Taniguchi,34.0,Defence,,,Japan,,,,,,
766,Japan,113230,Ayumu Seko,26.0,Defence,,,Japan,,,,,,
766,Japan,113595,Tsuyoshi Watanabe,29.0,Defence,,,Japan,,,,,,
766,Japan,181210,Junnosuke Suzuki,22.0,Defence,,,Japan,,,,,,
766,Japan,3269,Wataru Endō,33.0,Midfield,,,Japan,,,,,,
766,Japan,6716,Daichi Kamada,29.0,Midfield,,,Japan,,,,,,
766,Japan,48555,Takefusa Kubo,25.0,Midfield,,,Japan,,,,,,
766,Japan,48595,Keito Nakamura,25.0,Midfield,,,Japan,,,,,,
766,Japan,49105,Ao Tanaka,27.0,Midfield,,,Japan,,,,,,
766,Japan,114809,Kaishu Sano,25.0,Midfield,,,Japan,,,,,,
766,Japan,145293,Yuito Suzuki,24.0,Midfield,,,Japan,,,,,,
766,Japan,7531,Ritsu Doan,27.0,Offence,,,Japan,,,,,,
766,Japan,44017,Daizen Maeda,28.0,Offence,,,Japan,,,,,,
766,Japan,48659,Koki Ogawa,28.0,Offence,,,Japan,,,,,,
766,Japan,49080,Junya Ito,33.0,Offence,,,Japan,,,,,,
766,Japan,119460,Ayase Ueda,27.0,Offence,,,Japan,,,,,,
766,Japan,247160,Kento Shiogai,21.0,Offence,,,Japan,,,,,,
766,Japan,274204,Keisuke Goto,21.0,Offence,,,Japan,,,,,,
769,Mexico,3285,Guillermo Ochoa,40.0,Goalkeeper,,,Mexico,,,,,,
769,Mexico,39540,Carlos Acevedo,30.0,Goalkeeper,,,Mexico,,,,,,
769,Mexico,177674,José Rangel,26.0,Goalkeeper,,,Mexico,,,,,,
769,Mexico,3298,Jesús Gallardo,31.0,Defence,,,Mexico,,,,,,
769,Mexico,39246,César Montes,29.0,Defence,,,Mexico,,,,,,
769,Mexico,39330,Johan Vásquez,27.0,Defence,,,Mexico,,,,,,
769,Mexico,39546,Jorge Sánchez,28.0,Defence,,,Mexico,,,,,,
769,Mexico,84096,Israel Reyes,26.0,Defence,,,Mexico,,,,,,
769,Mexico,246145,Mateo Chávez,22.0,Defence,,,Mexico,,,,,,
769,Mexico,3293,Edson Álvarez,28.0,Midfield,,,Mexico,,,,,,
769,Mexico,38786,Orbelín Pineda,30.0,Midfield,,,Mexico,,,,,,
769,Mexico,39587,Luis Chávez,30.0,Midfield,,,Mexico,,,,,,
769,Mexico,39927,Luis Romo,31.0,Midfield,,,Mexico,,,,,,
769,Mexico,76356,Erik Lira,26.0,Midfield,,,Mexico,,,,,,
769,Mexico,99992,Álvaro Fidalgo,29.0,Midfield,,,Spain,,,,,,
769,Mexico,144457,Brian Gutiérrez,22.0,Midfield,,,Mexico,,,,,,
769,Mexico,170442,Obed Vargas,20.0,Midfield,,,Mexico,,,,,,
769,Mexico,264596,Gilberto Mora,17.0,Midfield,,,Mexico,,,,,,
769,Mexico,3305,Raúl Jiménez,35.0,Offence,,,Mexico,,,,,,
769,Mexico,39237,Julián Quiñones,29.0,Offence,,,Colombia,,,,,,
769,Mexico,39472,Roberto Alvarado,27.0,Offence,,,Mexico,,,,,,
769,Mexico,39635,Santiago Giménez,25.0,Offence,,,Mexico,,,,,,
769,Mexico,39667,Alexis Vega,28.0,Offence,,,Mexico,,,,,,
769,Mexico,39833,Guillermo Martínez,31.0,Offence,,,Mexico,,,,,,
769,Mexico,98820,César Huerta,25.0,Offence,,,Mexico,,,,,,
769,Mexico,229284,Armando González,23.0,Offence,,,Mexico,,,,,,
770,England,3309,Jordan Pickford,32.0,Goalkeeper,,,England,,,,,,
770,England,5457,Dean Henderson,29.0,Goalkeeper,,,England,,,,,,
770,England,153874,James Trafford,23.0,Goalkeeper,,,England,,,,,,
770,England,3313,John Stones,32.0,Defence,,,England,,,,,,
770,England,4870,Dan Burn,34.0,Defence,,,England,,,,,,
770,England,6317,Ezri Konsa,28.0,Defence,,,England,,,,,,
770,England,56628,Reece James,26.0,Defence,,,England,,,,,,
770,England,80775,Djed Spence,25.0,Defence,,,England,,,,,,
770,England,118489,Marc Guéhi,25.0,Defence,,,England,,,,,,
770,England,168712,Valentino Livramento,23.0,Defence,,,England,,,,,,
770,England,176718,Jarell Quansah,23.0,Defence,,,England,,,,,,
770,England,206743,Nico O'Reilly,21.0,Defence,,,England,,,,,,
770,England,3320,Jordan Henderson,35.0,Midfield,,,England,,,,,,
770,England,4032,Eberechi Eze,27.0,Midfield,,,England,,,,,,
770,England,7848,Anthony Gordon,25.0,Midfield,,,England,,,,,,
770,England,8215,Declan Rice,27.0,Midfield,,,England,,,,,,
770,England,82140,Morgan Rogers,23.0,Midfield,,,England,,,,,,
770,England,107330,Elliot Anderson,23.0,Midfield,,,England,,,,,,
770,England,125010,Jude Bellingham,22.0,Midfield,,,England,,,,,,
770,England,190797,Kobbie Mainoo,21.0,Midfield,,,England,,,,,,
770,England,3331,Marcus Rashford,28.0,Offence,,,England,,,,,,
770,England,4444,Ollie Watkins,30.0,Offence,,,England,,,,,,
770,England,5453,Ivan Toney,30.0,Offence,,,England,,,,,,
770,England,8004,Harry Kane,32.0,Offence,,,England,,,,,,
770,England,99813,Bukayo Saka,24.0,Offence,,,England,,,,,,
770,England,167720,Noni Madueke,24.0,Offence,,,England,,,,,,
771,United States,76936,Matt Turner,31.0,Goalkeeper,,,USA,,,,,,
771,United States,113261,Matt Freese,27.0,Goalkeeper,,,USA,,,,,,
771,United States,167172,Chris Brady,22.0,Goalkeeper,,,USA,,,,,,
771,United States,3927,Antonee Robinson,28.0,Defence,,,USA,,,,,,
771,United States,3956,Tim Ream,38.0,Defence,,,USA,,,,,,
771,United States,76866,Miles Robinson,29.0,Defence,,,USA,,,,,,
771,United States,77185,Auston Trusty,27.0,Defence,,,USA,,,,,,
771,United States,77803,Mark McKenzie,27.0,Defence,,,USA,,,,,,
771,United States,82442,Joseph Scally,23.0,Defence,,,USA,,,,,,
771,United States,97534,Sergiño Dest,25.0,Defence,,,USA,,,,,,
771,United States,99856,Chris Richards,26.0,Defence,,,USA,,,,,,
771,United States,177823,Alex Freeman,21.0,Defence,,,USA,,,,,,
771,United States,6507,Weston McKennie,27.0,Midfield,,,USA,,,,,,
771,United States,39023,Alejandro Zendejas,28.0,Midfield,,,USA,,,,,,
771,United States,77029,Cristian Roldan,31.0,Midfield,,,USA,,,,,,
771,United States,77596,Tyler Adams,27.0,Midfield,,,USA,,,,,,
771,United States,113262,Brenden Aaronson,25.0,Midfield,,,USA,,,,,,
771,United States,136733,Gio Reyna,23.0,Midfield,,,USA,,,,,,
771,United States,140416,Sebastian Berhalter,25.0,Midfield,,,USA,,,,,,
771,United States,144470,Malik Tillman,24.0,Midfield,,,USA,,,,,,
771,United States,145,Christian Pulisic,27.0,Offence,,,USA,,,,,,
771,United States,8492,Tim Weah,26.0,Offence,,,USA,,,,,,
771,United States,10076,Haji Wright,28.0,Offence,,,USA,,,,,,
771,United States,119731,Ricardo Pepi,23.0,Offence,,,USA,,,,,,
771,United States,131040,Folarin Balogun,24.0,Offence,,,USA,,,,,,
771,United States,192180,Max Arfsten,25.0,Offence,,,USA,,,,,,
772,South Korea,166683,Seung-Gyu Kim,35.0,Goalkeeper,,,South Korea,,,,,,
772,South Korea,189673,Bum-keun Song,28.0,Goalkeeper,,,South Korea,,,,,,
772,South Korea,189775,Hyeon-woo Jo,34.0,Goalkeeper,,,South Korea,,,,,,
772,South Korea,168299,Min-Jae Kim,29.0,Defence,,,South Korea,,,,,,
772,South Korea,171221,Moon-hwan Kim,30.0,Defence,,,South Korea,,,,,,
772,South Korea,217715,Han-bum Lee,23.0,Defence,,,South Korea,,,,,,
772,South Korea,243858,Young-woo Seol,27.0,Defence,,,South Korea,,,,,,
772,South Korea,244407,Jin-seob Park,30.0,Defence,,,South Korea,,,,,,
772,South Korea,246906,Tae-hyeon Kim,25.0,Defence,,,South Korea,,,,,,
772,South Korea,254209,Gi-hyuk Lee,25.0,Defence,,,South Korea,,,,,,
772,South Korea,282051,Tae-seok Lee,23.0,Defence,,,South Korea,,,,,,
772,South Korea,295846,Cho Wi-Je,24.0,Defence,,,South Korea,,,,,,
772,South Korea,151888,Jens Castrop,22.0,Midfield,,,South Korea,,,,,,
772,South Korea,170561,In-beom Hwang,29.0,Midfield,,,South Korea,,,,,,
772,South Korea,177318,Dong-gyeong Lee,28.0,Midfield,,,South Korea,,,,,,
772,South Korea,179889,Jae-sung Lee,33.0,Midfield,,,South Korea,,,,,,
772,South Korea,189741,Jin-Gyu Kim,29.0,Midfield,,,South Korea,,,,,,
772,South Korea,189752,Seung-Ho Paik,29.0,Midfield,,,South Korea,,,,,,
772,South Korea,213217,Kang-in Lee,25.0,Midfield,,,South Korea,,,,,,
772,South Korea,217655,Joon-ho Bae,22.0,Midfield,,,South Korea,,,,,,
772,South Korea,3354,Hwang Heechan,30.0,Offence,,,South Korea,,,,,,
772,South Korea,170281,Heung-min Son,33.0,Offence,,,South Korea,,,,,,
772,South Korea,189665,Hyun-jun Yang,24.0,Offence,,,South Korea,,,,,,
772,South Korea,189762,Gue-Sung Cho,28.0,Offence,,,South Korea,,,,,,
772,South Korea,191295,Hyun-Gyu Oh,25.0,Offence,,,South Korea,,,,,,
772,South Korea,261683,Ji-sung Eom,24.0,Offence,,,South Korea,,,,,,
773,France,8316,Brice Samba,32.0,Goalkeeper,,,France,,,,,,
773,France,8390,Mike Maignan,30.0,Goalkeeper,,,France,,,,,,
773,France,188389,Robin Risser,21.0,Goalkeeper,,,France,,,,,,
773,France,71,Theo Hernández,28.0,Defence,,,France,,,,,,
773,France,3359,Lucas Digne,32.0,Defence,,,France,,,,,,
773,France,3365,Lucas Hernández,30.0,Defence,,,France,,,,,,
773,France,8499,Jules Koundé,27.0,Defence,,,France,,,,,,
773,France,9541,Dayot Upamecano,27.0,Defence,,,France,,,,,,
773,France,9542,Ibrahima Konaté,27.0,Defence,,,France,,,,,,
773,France,80171,William Saliba,25.0,Defence,,,France,,,,,,
773,France,82351,Maxence Lacroix,26.0,Defence,,,France,,,,,,
773,France,152498,Malo Gusto,23.0,Defence,,,France,,,,,,
773,France,3367,N'Golo Kanté,35.0,Midfield,,,France,,,,,,
773,France,3368,Adrien Rabiot,31.0,Midfield,,,France,,,,,,
773,France,8514,Aurélien Tchouameni,26.0,Midfield,,,France,,,,,,
773,France,102395,Manu Koné,25.0,Midfield,,,France,,,,,,
773,France,133242,Rayan Cherki,22.0,Midfield,,,France,,,,,,
773,France,175701,Maghnes Akliouche,24.0,Midfield,,,France,,,,,,
773,France,177522,Desire Doue,21.0,Midfield,,,France,,,,,,
773,France,186089,Warren Zaïre-Emery,20.0,Midfield,,,France,,,,,,
773,France,641,Jean-Philippe Mateta,28.0,Offence,,,France,,,,,,
773,France,3373,Ousmane Dembélé,29.0,Offence,,,France,,,,,,
773,France,3374,Kylian Mbappé,27.0,Offence,,,France,,,,,,
773,France,8685,Marcus Thuram-Ulien,28.0,Offence,,,France,,,,,,
773,France,113765,Michael Olise,24.0,Offence,,,France,,,,,,
773,France,172762,Bradley Barcola,23.0,Offence,,,France,,,,,,
774,South Africa,33986,Ronwen Williams,34.0,Goalkeeper,,,South Africa,,,,,,
774,South Africa,34123,Sipho Chaine,29.0,Goalkeeper,,,South Africa,,,,,,
774,South Africa,34456,Ricardo Goss,32.0,Goalkeeper,,,South Africa,,,,,,
774,South Africa,33994,Aubrey Modiba,30.0,Defence,,,South Africa,,,,,,
774,South Africa,34481,Nkosinathi Sibisi,30.0,Defence,,,South Africa,,,,,,
774,South Africa,74101,Khuliso Mudau,31.0,Defence,,,South Africa,,,,,,
774,South Africa,217832,Olwethu Makhanya,22.0,Defence,,,South Africa,,,,,,
774,South Africa,245836,Bradley Cross,25.0,Defence,,,South Africa,,,,,,
774,South Africa,277223,Samukelo Kabini,22.0,Defence,,,South Africa,,,,,,
774,South Africa,279850,Ime Okon,22.0,Defence,,,South Africa,,,,,,
774,South Africa,285992,Mbekezeli Mbokazi,20.0,Defence,,,South Africa,,,,,,
774,South Africa,286005,Khulumani Ndamane,22.0,Defence,,,South Africa,,,,,,
774,South Africa,287754,Tholo Matuludi,27.0,Defence,,,South Africa,,,,,,
774,South Africa,33954,Themba Zwane,36.0,Midfield,,,South Africa,,,,,,
774,South Africa,34012,Teboho Mokoena,29.0,Midfield,,,South Africa,,,,,,
774,South Africa,133788,Sphephelo Sithole,27.0,Midfield,,,South Africa,,,,,,
774,South Africa,147928,Jayden Adams,25.0,Midfield,,,South Africa,,,,,,
774,South Africa,245495,Thapelo Maseko,22.0,Midfield,,,South Africa,,,,,,
774,South Africa,277299,Thalente Mbatha,26.0,Midfield,,,South Africa,,,,,,
774,South Africa,286003,Kamogelo Sebelebele,23.0,Midfield,,,South Africa,,,,,,
774,South Africa,34760,Lyle Foster,25.0,Offence,,,South Africa,,,,,,
774,South Africa,118915,Oswin Appollis,24.0,Offence,,,South Africa,,,,,,
774,South Africa,124636,Iqraam Rayners,30.0,Offence,,,South Africa,,,,,,
774,South Africa,245511,Evidence Makgopa,26.0,Offence,,,South Africa,,,,,,
774,South Africa,270771,Relebohile Mofokeng,21.0,Offence,,,South Africa,,,,,,
774,South Africa,287753,Tshepang Moremi,25.0,Offence,,,South Africa,,,,,,
778,Algeria,3871,Luca Zidane,28.0,Goalkeeper,,,Algeria,,,,,,
778,Algeria,130440,Oussama Benbout,31.0,Goalkeeper,,,Algeria,,,,,,
778,Algeria,171469,Melvin Mastil,26.0,Goalkeeper,,,France,,,,,,
778,Algeria,19,Aïssa Mandi,34.0,Defence,,,Algeria,,,,,,
778,Algeria,8642,Rayan Aït Nouri,25.0,Defence,,,Algeria,,,,,,
778,Algeria,8805,Ramy Bensebaini,31.0,Defence,,,Algeria,,,,,,
778,Algeria,116150,Samir Chergui,27.0,Defence,,,Algeria,,,,,,
778,Algeria,147891,Jaouen Hadjam,23.0,Defence,,,Algeria,,,,,,
778,Algeria,160756,Rafik Belghali,24.0,Defence,,,Algeria,,,,,,
778,Algeria,245545,Zinédine Belaïd,27.0,Defence,,,Algeria,,,,,,
778,Algeria,245574,Amine Tougai,26.0,Defence,,,Algeria,,,,,,
778,Algeria,295347,Achref Abada,26.0,Defence,,,Algeria,,,,,,
778,Algeria,6503,Nabil Bentaleb,31.0,Midfield,,,Algeria,,,,,,
778,Algeria,8466,Houssem Aouar,27.0,Midfield,,,Algeria,,,,,,
778,Algeria,123508,Hicham Boudaoui,26.0,Midfield,,,Algeria,,,,,,
778,Algeria,124715,Ramiz Zerrouki,28.0,Midfield,,,Algeria,,,,,,
778,Algeria,178658,Fares Chaïbi,23.0,Midfield,,,Algeria,,,,,,
778,Algeria,202532,Ibrahim Maza,20.0,Midfield,,,Algeria,,,,,,
778,Algeria,261523,Yacine Titraoui,22.0,Midfield,,,Algeria,,,,,,
778,Algeria,293057,Adil Boulbina,23.0,Midfield,,,Algeria,,,,,,
778,Algeria,8069,Riyad Mahrez,35.0,Offence,,,Algeria,,,,,,
778,Algeria,8476,Amine Gouiri,26.0,Offence,,,Algeria,,,,,,
778,Algeria,180827,Mohammed Amoura,26.0,Offence,,,Algeria,,,,,,
778,Algeria,192676,Nadhir Benbouali,26.0,Offence,,,Algeria,,,,,,
778,Algeria,244466,Anis Moussa,24.0,Offence,,,Algeria,,,,,,
778,Algeria,245324,Farés Ghedjemis,23.0,Offence,,,Algeria,,,,,,
779,Australia,3403,Maty Ryan,34.0,Goalkeeper,,,Australia,,,,,,
779,Australia,4697,Paul Izzo,31.0,Goalkeeper,,,Australia,,,,,,
779,Australia,177427,Patrick Beach,22.0,Goalkeeper,,,Australia,,,,,,
779,Australia,3407,Aziz Behich,35.0,Defence,,,Australia,,,,,,
779,Australia,3410,Miloš Degenek,32.0,Defence,,,Australia,,,,,,
779,Australia,4563,Kai Trewin,25.0,Defence,,,Australia,,,,,,
779,Australia,4795,Jacob Italiano,24.0,Defence,,,Australia,,,,,,
779,Australia,5432,Cameron Burgess,30.0,Defence,,,Australia,,,,,,
779,Australia,11636,Harry Souttar,27.0,Defence,,,Australia,,,,,,
779,Australia,56254,Jason Geria,33.0,Defence,,,Australia,,,,,,
779,Australia,176299,Jordan Bos,23.0,Defence,,,Australia,,,,,,
779,Australia,176730,Alessandro Circati,22.0,Defence,,,Australia,,,,,,
779,Australia,270733,Lucas Herrington,18.0,Defence,,,Australia,,,,,,
779,Australia,3420,Mathew Leckie,35.0,Midfield,,,Australia,,,,,,
779,Australia,3421,Jackson Irvine,33.0,Midfield,,,Australia,,,,,,
779,Australia,4635,Connor Metcalfe,26.0,Midfield,,,Australia,,,,,,
779,Australia,7528,Ajdin Hrustic,29.0,Midfield,,,Australia,,,,,,
779,Australia,8053,Aiden O'Neill,27.0,Midfield,,,Australia,,,,,,
779,Australia,45143,Awer Mabil,30.0,Midfield,,,Australia,,,,,,
779,Australia,76250,Cameron Devlin,28.0,Midfield,,,Australia,,,,,,
779,Australia,263718,Paul Okon-Engstler,21.0,Midfield,,,Australia,,,,,,
779,Australia,141451,Mohamed Toure,22.0,Offence,,,Australia,,,,,,
779,Australia,167783,Nishan Velupillay,25.0,Offence,,,Australia,,,,,,
779,Australia,175891,Cristian Volpato,22.0,Offence,,,Italy,,,,,,
779,Australia,176991,Nestor Irankunda,20.0,Offence,,,Australia,,,,,,
779,Australia,181753,Tete Yengi,25.0,Offence,,,Australia,,,,,,
783,New Zealand,48418,Max Crocombe,32.0,Goalkeeper,,,New Zealand,,,,,,
783,New Zealand,80167,Michael Woud,27.0,Goalkeeper,,,New Zealand,,,,,,
783,New Zealand,176204,Alex Paulsen,23.0,Goalkeeper,,,New Zealand,,,,,,
783,New Zealand,4690,Liberato Cacace,25.0,Defence,,,New Zealand,,,,,,
783,New Zealand,11392,Tommy Smith,36.0,Defence,,,New Zealand,,,,,,
783,New Zealand,77036,Michael Boxall,37.0,Defence,,,New Zealand,,,,,,
783,New Zealand,111787,Francis De Vries,31.0,Defence,,,New Zealand,,,,,,
783,New Zealand,113754,Callan Elliot,26.0,Defence,,,New Zealand,,,,,,
783,New Zealand,125116,Tim Payne,32.0,Defence,,,New Zealand,,,,,,
783,New Zealand,146549,Nando Pijnaker,27.0,Defence,,,New Zealand,,,,,,
783,New Zealand,176993,Finn Surman,22.0,Defence,,,New Zealand,,,,,,
783,New Zealand,214425,Tyler Bindon,21.0,Defence,,,New Zealand,,,,,,
783,New Zealand,4680,Alex Rufer,29.0,Midfield,,,New Zealand,,,,,,
783,New Zealand,4684,Sarpreet Singh,27.0,Midfield,,,New Zealand,,,,,,
783,New Zealand,7723,Ryan Thomas,31.0,Midfield,,,New Zealand,,,,,,
783,New Zealand,125117,Callum McCowatt,27.0,Midfield,,,New Zealand,,,,,,
783,New Zealand,144646,Joe Bell,27.0,Midfield,,,New Zealand,,,,,,
783,New Zealand,156513,Marko Stamenic,24.0,Midfield,,,New Zealand,,,,,,
783,New Zealand,177602,Ben Old,23.0,Midfield,,,New Zealand,,,,,,
783,New Zealand,4593,Kosta Barbarouses,36.0,Offence,,,New Zealand,,,,,,
783,New Zealand,8057,Chris Wood,34.0,Offence,,,New Zealand,,,,,,
783,New Zealand,82829,Ben Waine,25.0,Offence,,,New Zealand,,,,,,
783,New Zealand,118981,Elijah Just,26.0,Offence,,,New Zealand,,,,,,
783,New Zealand,185023,Matthew Garbett,24.0,Offence,,,New Zealand,,,,,,
783,New Zealand,218039,Lachlan Bayliss,23.0,Offence,,,New Zealand,,,,,,
783,New Zealand,261259,Jesse Randall,23.0,Offence,,,New Zealand,,,,,,
788,Switzerland,334,Gregor Kobel,28.0,Goalkeeper,,,Switzerland,,,,,,
788,Switzerland,9534,Yvon Mvogo,32.0,Goalkeeper,,,Switzerland,,,,,,
788,Switzerland,205190,Marvin Keller,23.0,Goalkeeper,,,Switzerland,,,,,,
788,Switzerland,143,Manuel Akanji,30.0,Defence,,,Switzerland,,,,,,
788,Switzerland,1745,Ricardo Rodriguez,33.0,Defence,,,Switzerland,,,,,,
788,Switzerland,2114,Silvan Widmer,33.0,Defence,,,Switzerland,,,,,,
788,Switzerland,3475,Nico Elvedi,29.0,Defence,,,Switzerland,,,,,,
788,Switzerland,30823,Eray Cömert,28.0,Defence,,,Switzerland,,,,,,
788,Switzerland,50215,Miro Muheim,28.0,Defence,,,Switzerland,,,,,,
788,Switzerland,169297,Aurele Amenda,22.0,Defence,,,Switzerland,,,,,,
788,Switzerland,176711,Luca Jaquez,23.0,Defence,,,Switzerland,,,,,,
788,Switzerland,1841,Remo Freuler,34.0,Midfield,,,Switzerland,,,,,,
788,Switzerland,3477,Granit Xhaka,33.0,Midfield,,,Switzerland,,,,,,
788,Switzerland,6687,Denis Zakaria,29.0,Midfield,,,Switzerland,,,,,,
788,Switzerland,16265,Michel Aebischer,29.0,Midfield,,,Switzerland,,,,,,
788,Switzerland,16275,Djibril Sow,29.0,Midfield,,,Switzerland,,,,,,
788,Switzerland,16281,Christian Fassnacht,32.0,Midfield,,,Switzerland,,,,,,
788,Switzerland,31913,Ruben Vargas,27.0,Midfield,,,Switzerland,,,,,,
788,Switzerland,144909,Ardon Jasari,23.0,Midfield,,,Switzerland,,,,,,
788,Switzerland,152692,Fabian Rieder,24.0,Midfield,,,Switzerland,,,,,,
788,Switzerland,212309,Johan Manzambi,20.0,Midfield,,,Switzerland,,,,,,
788,Switzerland,3483,Breel Embolo,29.0,Offence,,,Switzerland,,,,,,
788,Switzerland,16058,Noah Okafor,26.0,Offence,,,Switzerland,,,,,,
788,Switzerland,30780,Cédric Itten,29.0,Offence,,,Switzerland,,,,,,
788,Switzerland,77641,Dan Ndoye,25.0,Offence,,,Switzerland,,,,,,
788,Switzerland,122313,Zeki Amdouni,25.0,Offence,,,Switzerland,,,,,,
791,Ecuador,24545,Hernán Galíndez,39.0,Goalkeeper,,,Ecuador,,,,,,
791,Ecuador,24881,Gonzalo Valle,30.0,Goalkeeper,,,Ecuador,,,,,,
791,Ecuador,169139,Moisés Ramírez,25.0,Goalkeeper,,,Ecuador,,,,,,
791,Ecuador,24673,Ángelo Preciado,28.0,Defence,,,Ecuador,,,,,,
791,Ecuador,24740,Félix Torres,29.0,Defence,,,Ecuador,,,,,,
791,Ecuador,32642,Pervis Estupiñán,28.0,Defence,,,Ecuador,,,,,,
791,Ecuador,114102,William Pacho,24.0,Defence,,,Ecuador,,,,,,
791,Ecuador,114331,Jackson Porozo,25.0,Defence,,,Ecuador,,,,,,
791,Ecuador,125674,Piero Hincapié,24.0,Defence,,,Ecuador,,,,,,
791,Ecuador,178928,Joel Ordoñez,22.0,Defence,,,Ecuador,,,,,,
791,Ecuador,192819,Yaimar Medina,21.0,Defence,,,Ecuador,,,,,,
791,Ecuador,24670,Alan Franco,27.0,Midfield,,,Ecuador,,,,,,
791,Ecuador,24988,Jordy Alcívar,26.0,Midfield,,,Ecuador,,,,,,
791,Ecuador,56066,Gonzalo Plata,25.0,Midfield,,,Ecuador,,,,,,
791,Ecuador,121103,Moisés Caicedo,24.0,Midfield,,,Ecuador,,,,,,
791,Ecuador,166131,Pedro Vite,24.0,Midfield,,,Ecuador,,,,,,
791,Ecuador,179174,Alan Minda,23.0,Midfield,,,Ecuador,,,,,,
791,Ecuador,205684,Ray Paez,19.0,Midfield,,,Ecuador,,,,,,
791,Ecuador,212692,Denil Castillo,22.0,Midfield,,,Ecuador,,,,,,
791,Ecuador,24562,Jordy Caicedo,28.0,Offence,,,Ecuador,,,,,,
791,Ecuador,40009,Enner Valencia,36.0,Offence,,,Ecuador,,,,,,
791,Ecuador,98549,John Yeboah,25.0,Offence,,,Ecuador,,,,,,
791,Ecuador,178940,Anthony Valencia,22.0,Offence,,,Ecuador,,,,,,
791,Ecuador,187375,Nilson Angulo,22.0,Offence,,,Ecuador,,,,,,
791,Ecuador,189975,Kevin Rodríguez,26.0,Offence,,,Ecuador,,,,,,
791,Ecuador,215510,Jeremy,21.0,Offence,,,Ecuador,,,,,,
792,Sweden,3484,Kristoffer Nordfeldt,36.0,Goalkeeper,,,Sweden,,,,,,
792,Sweden,149732,Viktor Johansson,27.0,Goalkeeper,,,Sweden,,,,,,
792,Sweden,180671,Jacob Widell Zetterström,27.0,Goalkeeper,,,Sweden,,,,,,
792,Sweden,3492,Victor Nilsson-Lindelöf,31.0,Defence,,,Sweden,,,,,,
792,Sweden,31019,Carl Starfelt,31.0,Defence,,,Sweden,,,,,,
792,Sweden,31531,Gabriel Gudmundsson,27.0,Defence,,,Sweden,,,,,,
792,Sweden,31560,Hjalmar Ekdal,27.0,Defence,,,Sweden,,,,,,
792,Sweden,31926,Eric Smith,29.0,Defence,,,Sweden,,,,,,
792,Sweden,145937,Daniel Svensson,24.0,Defence,,,Sweden,,,,,,
792,Sweden,166538,Gustaf Lagerbielke,26.0,Defence,,,Sweden,,,,,,
792,Sweden,167031,Isak Hien,27.0,Defence,,,Sweden,,,,,,
792,Sweden,167409,Herman Johansson,28.0,Defence,,,Sweden,,,,,,
792,Sweden,192811,Elliot Stroud,23.0,Defence,,,Sweden,,,,,,
792,Sweden,3500,Ken Sema,32.0,Midfield,,,Sweden,,,,,,
792,Sweden,15354,Mattias Svanberg,27.0,Midfield,,,Sweden,,,,,,
792,Sweden,31065,Jesper Karlström,30.0,Midfield,,,Sweden,,,,,,
792,Sweden,145613,Yasin Ayari,22.0,Midfield,,,Sweden,,,,,,
792,Sweden,180627,Besfort Zeneli,23.0,Midfield,,,Sweden,,,,,,
792,Sweden,180673,Taha Ali,27.0,Midfield,,,Sweden,,,,,,
792,Sweden,193622,Lucas Bergvall,20.0,Midfield,,,Sweden,,,,,,
792,Sweden,6486,Alexander Isak,26.0,Offence,,,Sweden,,,,,,
792,Sweden,8279,Viktor Gyökeres,28.0,Offence,,,Sweden,,,,,,
792,Sweden,24083,Gustaf Nilsson,29.0,Offence,,,Sweden,,,,,,
792,Sweden,72511,Benjamin Nygren,24.0,Offence,,,Sweden,,,,,,
792,Sweden,111622,Alexander Bernhardsson,27.0,Offence,,,Sweden,,,,,,
792,Sweden,166376,Anthony Elanga,24.0,Offence,,,Sweden,,,,,,
798,Czechia,120246,Jindřich Staněk,30.0,Goalkeeper,,,Czech Republic,,,,,,
798,Czechia,136350,Matej Kovar,26.0,Goalkeeper,,,Czech Republic,,,,,,
798,Czechia,146753,Lukáš Horníček,23.0,Goalkeeper,,,Czech Republic,,,,,,
798,Czechia,62536,Jaroslav Zelený,33.0,Defence,,,Czech Republic,,,,,,
798,Czechia,62631,Vladimir Coufal,33.0,Defence,,,Czech Republic,,,,,,
798,Czechia,62769,Tomáš Holeš,33.0,Defence,,,Czech Republic,,,,,,
798,Czechia,127813,David Zima,25.0,Defence,,,Czech Republic,,,,,,
798,Czechia,146716,David Jurásek,25.0,Defence,,,Czech Republic,,,,,,
798,Czechia,188239,Robin Hranac,26.0,Defence,,,Czech Republic,,,,,,
798,Czechia,254530,Štěpán Chaloupek,23.0,Defence,,,Czech Republic,,,,,,
798,Czechia,1878,Ladislav Krejčí,27.0,Midfield,,,Czech Republic,,,,,,
798,Czechia,6556,Vladimír Darida,35.0,Midfield,,,Czech Republic,,,,,,
798,Czechia,15742,Tomáš Souček,31.0,Midfield,,,Czech Republic,,,,,,
798,Czechia,62821,David Douděra,28.0,Midfield,,,Czech Republic,,,,,,
798,Czechia,67970,Michal Sadílek,27.0,Midfield,,,Czech Republic,,,,,,
798,Czechia,120279,Lukáš Provod,29.0,Midfield,,,Czech Republic,,,,,,
798,Czechia,121312,Pavel Šulc,25.0,Midfield,,,Czech Republic,,,,,,
798,Czechia,145322,Lukáš Červ,25.0,Midfield,,,Czech Republic,,,,,,
798,Czechia,154082,Denis Višinský,23.0,Midfield,,,Czech Republic,,,,,,
798,Czechia,269966,Alexandr Sojka,23.0,Midfield,,,Czech Republic,,,,,,
798,Czechia,293648,Hugo Sochůrek,18.0,Midfield,,,Czech Republic,,,,,,
798,Czechia,1826,Patrik Schick,30.0,Offence,,,Czech Republic,,,,,,
798,Czechia,16396,Tomáš Chorý,31.0,Offence,,,Czech Republic,,,,,,
798,Czechia,62726,Jan Kuchta,29.0,Offence,,,Czech Republic,,,,,,
798,Czechia,99042,Adam Hložek,23.0,Offence,,,Czech Republic,,,,,,
798,Czechia,99752,Mojmír Chytil,27.0,Offence,,,Czech Republic,,,,,,
799,Croatia,3548,Dominik Livaković,31.0,Goalkeeper,,,Croatia,,,,,,
799,Croatia,16577,Ivor Pandur,26.0,Goalkeeper,,,Croatia,,,,,,
799,Croatia,67883,Dominik Kotarski,26.0,Goalkeeper,,,Croatia,,,,,,
799,Croatia,10206,Duje Ćaleta-Car,29.0,Defence,,,Croatia,,,,,,
799,Croatia,15110,Marin Pongračić,28.0,Defence,,,Croatia,,,,,,
799,Croatia,74268,Martin Erlic,28.0,Defence,,,Croatia,,,,,,
799,Croatia,122188,Josip Stanišić,26.0,Defence,,,Croatia,,,,,,
799,Croatia,122266,Joško Gvardiol,24.0,Defence,,,Croatia,,,,,,
799,Croatia,134835,Josip Šutalo,26.0,Defence,,,Croatia,,,,,,
799,Croatia,216835,Luka Vušković,19.0,Defence,,,Croatia,,,,,,
799,Croatia,43,Luka Modrić,40.0,Midfield,,,Croatia,,,,,,
799,Croatia,65,Mateo Kovačić,32.0,Midfield,,,Croatia,,,,,,
799,Croatia,3553,Mario Pašalić,31.0,Midfield,,,Croatia,,,,,,
799,Croatia,7843,Nikola Vlašić,28.0,Midfield,,,Croatia,,,,,,
799,Croatia,23135,Nikola Moro,28.0,Midfield,,,Croatia,,,,,,
799,Croatia,23222,Kristijan Jakić,29.0,Midfield,,,Croatia,,,,,,
799,Croatia,82516,Luka Sučić,23.0,Midfield,,,Croatia,,,,,,
799,Croatia,154013,Petar Sucic,22.0,Midfield,,,Croatia,,,,,,
799,Croatia,156912,Martin Baturina,23.0,Midfield,,,Croatia,,,,,,
799,Croatia,216138,Toni Fruk,25.0,Midfield,,,Croatia,,,,,,
799,Croatia,318,Andrej Kramarić,34.0,Offence,,,Croatia,,,,,,
799,Croatia,2004,Ivan Perišić,37.0,Offence,,,Croatia,,,,,,
799,Croatia,2237,Ante Budimir,34.0,Offence,,,Croatia,,,,,,
799,Croatia,56589,Petar Musa,28.0,Offence,,,Croatia,,,,,,
799,Croatia,150052,Marco Pašalić,25.0,Offence,,,Croatia,,,,,,
799,Croatia,156629,Igor Matanovic,23.0,Offence,,,Croatia,,,,,,
801,Saudi Arabia,3561,Mohammed Al Owais,34.0,Goalkeeper,,,Saudi Arabia,,,,,,
801,Saudi Arabia,233580,Nawaf Al Aqidi,26.0,Goalkeeper,,,Saudi Arabia,,,,,,
801,Saudi Arabia,249787,Ahmed Al Kassar,35.0,Goalkeeper,,,Saudi Arabia,,,,,,
801,Saudi Arabia,103094,Abdulelah Al Amri,29.0,Defence,,,Saudi Arabia,,,,,,
801,Saudi Arabia,129098,Saud Abdulhamid,26.0,Defence,,,Saudi Arabia,,,,,,
801,Saudi Arabia,132018,Ali Lajami,30.0,Defence,,,Saudi Arabia,,,,,,
801,Saudi Arabia,244368,Hassan Al Tambakti,27.0,Defence,,,Saudi Arabia,,,,,,
801,Saudi Arabia,244552,Hassan Kadesh,33.0,Defence,,,Saudi Arabia,,,,,,
801,Saudi Arabia,253246,Moteb Al Harbi,26.0,Defence,,,Saudi Arabia,,,,,,
801,Saudi Arabia,295325,Ali Majrashi,26.0,Defence,,,Saudi Arabia,,,,,,
801,Saudi Arabia,295850,Jehad Thakri,24.0,Defence,,,Saudi Arabia,,,,,,
801,Saudi Arabia,295852,Nawaf Boushal,26.0,Defence,,,Saudi Arabia,,,,,,
801,Saudi Arabia,3574,Salem Al Dawsari,34.0,Midfield,,,Saudi Arabia,,,,,,
801,Saudi Arabia,3583,Abdullah Al Khaibari,29.0,Midfield,,,Saudi Arabia,,,,,,
801,Saudi Arabia,166119,Nasser Al Dawsari,27.0,Midfield,,,Saudi Arabia,,,,,,
801,Saudi Arabia,189703,Ayman Yahya,25.0,Midfield,,,Saudi Arabia,,,,,,
801,Saudi Arabia,248781,Musab Al Juwayr,22.0,Midfield,,,Saudi Arabia,,,,,,
801,Saudi Arabia,248783,Mohammed Kanno,31.0,Midfield,,,Saudi Arabia,,,,,,
801,Saudi Arabia,295324,Ziyad Al-Johani,24.0,Midfield,,,Saudi Arabia,,,,,,
801,Saudi Arabia,295849,Mohammed Abu Al Shamat,23.0,Midfield,,,Saudi Arabia,,,,,,
801,Saudi Arabia,295851,Alaa Al Hejji,30.0,Midfield,,,Saudi Arabia,,,,,,
801,Saudi Arabia,114373,Sultan Mandash,31.0,Offence,,,Saudi Arabia,,,,,,
801,Saudi Arabia,166114,Saleh Al Shehri,32.0,Offence,,,Saudi Arabia,,,,,,
801,Saudi Arabia,189799,Abdullah Al-Hamdan,26.0,Offence,,,Saudi Arabia,,,,,,
801,Saudi Arabia,244411,Khalid Al Ghannam,25.0,Offence,,,Saudi Arabia,,,,,,
801,Saudi Arabia,249786,Firas Al Brikan,26.0,Offence,,,Saudi Arabia,,,,,,
802,Tunisia,99393,Aymen Dahmen,29.0,Goalkeeper,,,Tunisia,,,,,,
802,Tunisia,295200,Sabri Ben Hessen,29.0,Goalkeeper,,,Tunisia,,,,,,
802,Tunisia,295202,Abdelmouhib Chamakh,24.0,Goalkeeper,,,Tunisia,,,,,,
802,Tunisia,3595,Dylan Bronn,30.0,Defence,,,Tunisia,,,,,,
802,Tunisia,99394,Ali El Abdi,32.0,Defence,,,Tunisia,,,,,,
802,Tunisia,99799,Yan Valery,27.0,Defence,,,Tunisia,,,,,,
802,Tunisia,130471,Mortadha Ben Ouanes,31.0,Defence,,,Tunisia,,,,,,
802,Tunisia,144669,Omar Rekik,24.0,Defence,,,Tunisia,,,,,,
802,Tunisia,173578,Yassine Chikhaoui,22.0,Defence,,,,,,,,,
802,Tunisia,177695,Montassar Talbi,28.0,Defence,,,Tunisia,,,,,,
802,Tunisia,189007,Moutaz Neffati,21.0,Defence,,,Tunisia,,,,,,
802,Tunisia,273918,Mohamed Amine Ben Hamida,30.0,Defence,,,Tunisia,,,,,,
802,Tunisia,285769,Adem Arous,21.0,Defence,,,Tunisia,,,,,,
802,Tunisia,3608,Ellyes Skhiri,31.0,Midfield,,,Tunisia,,,,,,
802,Tunisia,6657,Rani Khedira,32.0,Midfield,,,Tunisia,,,,,,
802,Tunisia,141826,Anis Ben Slimane,25.0,Midfield,,,Tunisia,,,,,,
802,Tunisia,161414,Ismaël Gharbi,22.0,Midfield,,,Tunisia,,,,,,
802,Tunisia,169325,Hannibal Mejbri,23.0,Midfield,,,Tunisia,,,,,,
802,Tunisia,171368,Elias Achouri,27.0,Midfield,,,Tunisia,,,,,,
802,Tunisia,172854,Hadj Mahmoud,26.0,Midfield,,,Tunisia,,,,,,
802,Tunisia,95125,Sebastian Tounekti,23.0,Offence,,,Tunisia,,,,,,
802,Tunisia,97476,Firas Chaouat,30.0,Offence,,,Tunisia,,,,,,
802,Tunisia,171927,Elias Saad,26.0,Offence,,,Tunisia,,,,,,
802,Tunisia,277192,Hazem Mastouri,28.0,Offence,,,Tunisia,,,,,,
802,Tunisia,279116,Rayan Elloumi,18.0,Offence,,,Tunisia,,,,,,
802,Tunisia,295662,Khalil Ayari,21.0,Offence,,,Tunisia,,,,,,
803,Turkey,16641,Mert Günok,37.0,Goalkeeper,,,Turkey,,,,,,
803,Turkey,29518,Altay Bayındır,28.0,Goalkeeper,,,Turkey,,,,,,
803,Turkey,30283,Uğurcan Çakır,30.0,Goalkeeper,,,Turkey,,,,,,
803,Turkey,9475,Çağlar Söyüncü,30.0,Defence,,,Turkey,,,,,,
803,Turkey,9512,Kaan Ayhan,31.0,Defence,,,Turkey,,,,,,
803,Turkey,9869,Ferdi Kadıoğlu,26.0,Defence,,,Turkey,,,,,,
803,Turkey,10647,Mert Müldür,27.0,Defence,,,Turkey,,,,,,
803,Turkey,29622,Zeki Çelik,29.0,Defence,,,Turkey,,,,,,
803,Turkey,29804,Abdülkerim Bardakcı,31.0,Defence,,,Turkey,,,,,,
803,Turkey,30548,Ozan Kabak,26.0,Defence,,,Turkey,,,,,,
803,Turkey,37118,Merih Demiral,28.0,Defence,,,Turkey,,,,,,
803,Turkey,127226,Samet Akaydın,32.0,Defence,,,Turkey,,,,,,
803,Turkey,145831,Evren Eren Elmalı,25.0,Defence,,,Turkey,,,,,,
803,Turkey,201,Salih Özcan,28.0,Midfield,,,Turkey,,,,,,
803,Turkey,1754,Hakan Çalhanoğlu,32.0,Midfield,,,Turkey,,,,,,
803,Turkey,7474,Orkun Kökçü,25.0,Midfield,,,Turkey,,,,,,
803,Turkey,148295,İsmail Yüksek,27.0,Midfield,,,Turkey,,,,,,
803,Turkey,169162,Arda Guler,21.0,Midfield,,,Turkey,,,,,,
803,Turkey,171972,Oguz Aydin,25.0,Midfield,,,Turkey,,,,,,
803,Turkey,172081,Baris Yilmaz,26.0,Midfield,,,Turkey,,,,,,
803,Turkey,180964,İrfan Kahveci,30.0,Midfield,,,Turkey,,,,,,
803,Turkey,79906,Yunus Akgün,25.0,Offence,,,Turkey,,,,,,
803,Turkey,149737,Muhammed Kerem Aktürkoğlu,27.0,Offence,,,Turkey,,,,,,
803,Turkey,188466,Deniz Gul,21.0,Offence,,,Turkey,,,,,,
803,Turkey,191712,Kenan Yıldız,21.0,Offence,,,Turkey,,,,,,
803,Turkey,193605,Can Uzun,20.0,Offence,,,Turkey,,,,,,
804,Senegal,805,Edouard Mendy,34.0,Goalkeeper,,,Senegal,,,,,,
804,Senegal,8608,Yehvann Diouf,26.0,Goalkeeper,,,Senegal,,,,,,
804,Senegal,20931,Mory Diaw,32.0,Goalkeeper,,,Senegal,,,,,,
804,Senegal,194,Ismail Jakobs,26.0,Defence,,,Senegal,,,,,,
804,Senegal,2086,Kalidou Koulibaly,34.0,Defence,,,Senegal,,,,,,
804,Senegal,8723,Moussa Niakhaté,30.0,Defence,,,Senegal,,,,,,
804,Senegal,38154,Abdoulaye Seck,34.0,Defence,,,Senegal,,,,,,
804,Senegal,168667,Antoine Mendy,22.0,Defence,,,Senegal,,,,,,
804,Senegal,190866,Mamadou Sarr,20.0,Defence,,,Senegal,,,,,,
804,Senegal,205441,El Hadji Diouf,21.0,Defence,,,Senegal,,,,,,
804,Senegal,633,Pape Gueye,27.0,Midfield,,,Senegal,,,,,,
804,Senegal,3627,Idrissa Gana Guèye,36.0,Midfield,,,Senegal,,,,,,
804,Senegal,3638,Ismaïla Sarr,28.0,Midfield,,,Senegal,,,,,,
804,Senegal,8887,Krépin Diatta,27.0,Midfield,,,Senegal,,,,,,
804,Senegal,37649,Pathé Ciss,32.0,Midfield,,,Senegal,,,,,,
804,Senegal,94091,Iliman Ndiaye,26.0,Midfield,,,Senegal,,,,,,
804,Senegal,170391,Pape Sarr,23.0,Midfield,,,Senegal,,,,,,
804,Senegal,171876,Habib Diarra,22.0,Midfield,,,Senegal,,,,,,
804,Senegal,204269,Lamine Camara,22.0,Midfield,,,Senegal,,,,,,
804,Senegal,290450,Bara Ndiaye,18.0,Midfield,,,Senegal,,,,,,
804,Senegal,3626,Sadio Mané,34.0,Offence,,,Senegal,,,,,,
804,Senegal,9148,Cherif Ndiaye,30.0,Offence,,,Senegal,,,,,,
804,Senegal,152515,Nicolas Jackson,24.0,Offence,,,Senegal,,,,,,
804,Senegal,166640,Ahmadou Bamba Dieng,26.0,Offence,,,Senegal,,,,,,
804,Senegal,218474,Assane Diao,20.0,Offence,,,Senegal,,,,,,
804,Senegal,265040,Ibrahim M'Baye,18.0,Offence,,,Senegal,,,,,,
804,Senegal,252052,Pape Thiaw,45.0,Coach,,,Senegal,,,,,,
805,Belgium,3641,Thibaut Courtois,34.0,Goalkeeper,,,Belgium,,,,,,
805,Belgium,129946,Senne Lammens,23.0,Goalkeeper,,,Belgium,,,,,,
805,Belgium,191068,Mike Penders,20.0,Goalkeeper,,,Belgium,,,,,,
805,Belgium,1836,Timothy Castagne,30.0,Defence,,,Belgium,,,,,,
805,Belgium,3650,Thomas Meunier,34.0,Defence,,,Belgium,,,,,,
805,Belgium,8873,Brandon Mechele,33.0,Defence,,,Belgium,,,,,,
805,Belgium,142075,Maxim De Cuyper,25.0,Defence,,,Belgium,,,,,,
805,Belgium,145893,Arthur Theate,26.0,Defence,,,Belgium,,,,,,
805,Belgium,153556,Koni De Winter,23.0,Defence,,,Belgium,,,,,,
805,Belgium,160926,Zeno Debast,22.0,Defence,,,Belgium,,,,,,
805,Belgium,192677,Nathan Ngoy,23.0,Defence,,,Belgium,,,,,,
805,Belgium,213534,Joaquin Seys,21.0,Defence,,,Belgium,,,,,,
805,Belgium,3654,Kevin De Bruyne,34.0,Midfield,,,Belgium,,,,,,
805,Belgium,3656,Axel Witsel,37.0,Midfield,,,Belgium,,,,,,
805,Belgium,3658,Youri Tielemans,29.0,Midfield,,,Belgium,,,,,,
805,Belgium,8128,Dodi Lukebakio,28.0,Midfield,,,Belgium,,,,,,
805,Belgium,8858,Alexis Saelemaekers,26.0,Midfield,,,Belgium,,,,,,
805,Belgium,8888,Hans Vanaken,33.0,Midfield,,,Belgium,,,,,,
805,Belgium,8915,Nicolas Raskin,25.0,Midfield,,,Belgium,,,,,,
805,Belgium,99775,Jeremy Doku,24.0,Midfield,,,Belgium,,,,,,
805,Belgium,114024,Amadou Onana,24.0,Midfield,,,Belgium,,,,,,
805,Belgium,182192,Diego Moreira,21.0,Midfield,,,Belgium,,,,,,
805,Belgium,3662,Romelu Lukaku,33.0,Offence,,,Belgium,,,,,,
805,Belgium,8984,Leandro Trossard,31.0,Offence,,,Belgium,,,,,,
805,Belgium,129947,Charles De Ketelaere,25.0,Offence,,,Belgium,,,,,,
805,Belgium,213511,Matias Fernandez-Pardo,21.0,Offence,,,Belgium,,,,,,
815,Morocco,3693,Munir Mohamedi,37.0,Goalkeeper,,,Morocco,,,,,,
815,Morocco,3694,Yassine Bounou,35.0,Goalkeeper,,,Morocco,,,,,,
815,Morocco,3695,Ahmed Reda Tagnaouti,30.0,Goalkeeper,,,Morocco,,,,,,
815,Morocco,53,Achraf Hakimi,27.0,Defence,,,Morocco,,,,,,
815,Morocco,7553,Noussair Mazraoui,28.0,Defence,,,Morocco,,,,,,
815,Morocco,8296,Issa Diop,29.0,Defence,,,France,,,,,,
815,Morocco,81191,Nayef Aguerd,30.0,Defence,,,Morocco,,,,,,
815,Morocco,137693,Anass Salah-Eddine,24.0,Defence,,,Morocco,,,,,,
815,Morocco,150948,Chadi Riad,22.0,Defence,,,Morocco,,,,,,
815,Morocco,172822,Redouane Halhal,23.0,Defence,,,France,,,,,,
815,Morocco,213459,Zakaria El Ouahdi,24.0,Defence,,,Morocco,,,,,,
815,Morocco,277391,Youssef Belammari,27.0,Defence,,,Morocco,,,,,,
815,Morocco,3705,Sofyan Amrabat,29.0,Midfield,,,Morocco,,,,,,
815,Morocco,7887,Brahim Diaz,26.0,Midfield,,,Morocco,,,,,,
815,Morocco,122511,Azzedine Ounahi,26.0,Midfield,,,Morocco,,,,,,
815,Morocco,130173,Ismael Saibari,25.0,Midfield,,,Morocco,,,,,,
815,Morocco,170647,Neil El Aynaoui,24.0,Midfield,,,Morocco,,,,,,
815,Morocco,189873,Bilal El Khannouss,21.0,Midfield,,,Morocco,,,,,,
815,Morocco,192313,Chemsdine Talbi,21.0,Midfield,,,Morocco,,,,,,
815,Morocco,221819,Ayyoub Bouaddi,18.0,Midfield,,,France,,,,,,
815,Morocco,244929,Samir El Mourabet,20.0,Midfield,,,Morocco,,,,,,
815,Morocco,130502,Soufiane Rahimi,30.0,Offence,,,Morocco,,,,,,
815,Morocco,172417,Ayoub El Kaabi,32.0,Offence,,,Morocco,,,,,,
815,Morocco,175941,Abdessamad Ezzalzouli,24.0,Offence,,,Morocco,,,,,,
815,Morocco,245336,Gessime Yassine,20.0,Offence,,,France,,,,,,
815,Morocco,261438,Ayoube Amaimouni-Echghouyab,21.0,Offence,,,Morocco,,,,,,
816,Austria,10702,Alexander Schlager,30.0,Goalkeeper,,,Austria,,,,,,
816,Austria,10837,Patrick Pentz,29.0,Goalkeeper,,,Austria,,,,,,
816,Austria,217244,Florian Wiegele,25.0,Goalkeeper,,,Austria,,,,,,
816,Austria,349,David Alaba,33.0,Defence,,,Austria,,,,,,
816,Austria,395,Stefan Posch,29.0,Defence,,,Austria,,,,,,
816,Austria,6576,Philipp Mwene,32.0,Defence,,,Austria,,,,,,
816,Austria,6655,Kevin Danso,27.0,Defence,,,Austria,,,,,,
816,Austria,9447,Marco Friedl,28.0,Defence,,,Austria,,,,,,
816,Austria,9477,Philipp Lienhart,29.0,Defence,,,Austria,,,,,,
816,Austria,61968,Michael Svoboda,27.0,Defence,,,Austria,,,,,,
816,Austria,113457,Alexander Prass,25.0,Defence,,,Austria,,,,,,
816,Austria,123212,David Affengruber,25.0,Defence,,,Austria,,,,,,
816,Austria,404,Florian Grillitsch,30.0,Midfield,,,Austria,,,,,,
816,Austria,6501,Alessandro Schöpf,32.0,Midfield,,,Austria,,,,,,
816,Austria,9549,Konrad Laimer,29.0,Midfield,,,Austria,,,,,,
816,Austria,9551,Marcel Sabitzer,32.0,Midfield,,,Austria,,,,,,
816,Austria,16344,Xaver Schlager,28.0,Midfield,,,Austria,,,,,,
816,Austria,16346,Romano Schmid,26.0,Midfield,,,Austria,,,,,,
816,Austria,56829,Christoph Baumgartner,26.0,Midfield,,,Austria,,,,,,
816,Austria,113038,Nicolas  Seiwald,25.0,Midfield,,,Austria,,,,,,
816,Austria,124324,Patrick Wimmer,25.0,Midfield,,,Austria,,,,,,
816,Austria,167570,Carney Chukwuemeka,22.0,Midfield,,,Austria,,,,,,
816,Austria,176932,Paul Wanner,20.0,Midfield,,,Austria,,,,,,
816,Austria,6661,Michael Gregoritsch,32.0,Offence,,,Austria,,,,,,
816,Austria,8223,Marko Arnautovic,37.0,Offence,,,Austria,,,,,,
816,Austria,10761,Saša Kalajdžić,28.0,Offence,,,Austria,,,,,,
818,Colombia,3721,Camilo Vargas,37.0,Goalkeeper,,,Colombia,,,,,,
818,Colombia,3722,David Ospina,37.0,Goalkeeper,,,Colombia,,,,,,
818,Colombia,22742,Álvaro Montero,31.0,Goalkeeper,,,Colombia,,,,,,
818,Colombia,3723,Santiago Arias,34.0,Defence,,,Colombia,,,,,,
818,Colombia,3724,Johan Mojica,33.0,Defence,,,Colombia,,,,,,
818,Colombia,3728,Yerry Mina,31.0,Defence,,,Colombia,,,,,,
818,Colombia,3733,Davinson Sánchez,29.0,Defence,,,Colombia,,,,,,
818,Colombia,8913,Deiver Machado,32.0,Defence,,,Colombia,,,,,,
818,Colombia,22010,Daniel Muñoz,30.0,Defence,,,Colombia,,,,,,
818,Colombia,22113,Jhon Lucumí,27.0,Defence,,,Colombia,,,,,,
818,Colombia,82825,Willer Ditta,29.0,Defence,,,Colombia,,,,,,
818,Colombia,365,James Rodríguez,34.0,Midfield,,,Colombia,,,,,,
818,Colombia,3737,Jefferson Lerma,31.0,Midfield,,,Colombia,,,,,,
818,Colombia,22306,Jhon Arias,28.0,Midfield,,,Colombia,,,,,,
818,Colombia,29012,Jorge Carrascal,28.0,Midfield,,,Colombia,,,,,,
818,Colombia,156738,Kevin Castaño,25.0,Midfield,,,Colombia,,,,,,
818,Colombia,168403,Juan Quintero,33.0,Midfield,,,Colombia,,,,,,
818,Colombia,170245,Jaminton Campaz,26.0,Midfield,,,Colombia,,,,,,
818,Colombia,170657,Richard Rios,26.0,Midfield,,,Colombia,,,,,,
818,Colombia,178353,Juan Portilla,27.0,Midfield,,,Colombia,,,,,,
818,Colombia,191421,Gustavo Puerta,22.0,Midfield,,,Colombia,,,,,,
818,Colombia,212,Jhon Córdoba,33.0,Offence,,,Colombia,,,,,,
818,Colombia,22396,Luis Díaz,29.0,Offence,,,Colombia,,,,,,
818,Colombia,32386,Luis Suárez,28.0,Offence,,,Colombia,,,,,,
818,Colombia,32415,Cucho Hernández,27.0,Offence,,,Colombia,,,,,,
818,Colombia,178432,Carlos Gómez,23.0,Offence,,,Colombia,,,,,,
825,Egypt,3743,Mohamed El Shenawy,37.0,Goalkeeper,,,Egypt,,,,,,
825,Egypt,132128,Mohamed Alaa,26.0,Goalkeeper,,,Egypt,,,,,,
825,Egypt,251169,Oufa Shobeir,26.0,Goalkeeper,,,Egypt,,,,,,
825,Egypt,295344,El Mahdi Soliman,39.0,Goalkeeper,,,Egypt,,,,,,
825,Egypt,780,Karim Hafez,30.0,Defence,,,Egypt,,,,,,
825,Egypt,83057,Mohamed Hany,30.0,Defence,,,Egypt,,,,,,
825,Egypt,245519,Yasser Ibrahim,33.0,Defence,,,Egypt,,,,,,
825,Egypt,245553,Ahmed El Fotouh,28.0,Defence,,,Egypt,,,,,,
825,Egypt,245563,Mohamed Abdelmonem,27.0,Defence,,,Egypt,,,,,,
825,Egypt,245625,Rami Rabia,33.0,Defence,,,Egypt,,,,,,
825,Egypt,261033,Hossam Abdelmaguid,25.0,Defence,,,Egypt,,,,,,
825,Egypt,295343,Tarek Alaa,24.0,Defence,,,Egypt,,,,,,
825,Egypt,45207,Zizo,30.0,Midfield,,,Egypt,,,,,,
825,Egypt,114669,Nabil Dunga,30.0,Midfield,,,Egypt,,,,,,
825,Egypt,132389,Hamdy Fathy,31.0,Midfield,,,Egypt,,,,,,
825,Egypt,180952,Trezeguet,31.0,Midfield,,,Egypt,,,,,,
825,Egypt,191972,Emam Ashour,28.0,Midfield,,,Egypt,,,,,,
825,Egypt,245550,Mohanad Lashin,30.0,Midfield,,,Egypt,,,,,,
825,Egypt,245582,Marwan Attia,27.0,Midfield,,,Egypt,,,,,,
825,Egypt,261012,Mahmoud Saber,24.0,Midfield,,,Egypt,,,,,,
825,Egypt,295848,Mostafa Ziko,29.0,Midfield,,,Egypt,,,,,,
825,Egypt,3754,Mohamed Salah,33.0,Offence,,,Egypt,,,,,,
825,Egypt,66896,Omar Marmoush,27.0,Offence,,,Egypt,,,,,,
825,Egypt,98222,Haissem Hassan,24.0,Offence,,,Egypt,,,,,,
825,Egypt,253635,Ibrahim Adel,25.0,Offence,,,Egypt,,,,,,
825,Egypt,274542,Hamza Abdelkarim,18.0,Offence,,,Egypt,,,,,,
828,Canada,21226,Maxime Crépeau,32.0,Goalkeeper,,,Canada,,,,,,
828,Canada,113351,Dayne St. Clair,29.0,Goalkeeper,,,Canada,,,,,,
828,Canada,189264,Owen Goodman,22.0,Goalkeeper,,,Canada,,,,,,
828,Canada,21288,Alphonso Davies,25.0,Defence,,,Canada,,,,,,
828,Canada,77691,Richie Laryea,31.0,Defence,,,Canada,,,,,,
828,Canada,81286,Alfie Jones,28.0,Defence,,,Canada,,,,,,
828,Canada,112209,Joel Waterman,30.0,Defence,,,Canada,,,,,,
828,Canada,113228,Derek Cornelius,28.0,Defence,,,Canada,,,,,,
828,Canada,118604,Alistair Johnston,27.0,Defence,,,Canada,,,,,,
828,Canada,192153,Moise Bombito,26.0,Defence,,,Canada,,,,,,
828,Canada,217596,Luc De Fougerolles,20.0,Defence,,,Canada,,,,,,
828,Canada,21199,Jonathan Osorio,33.0,Midfield,,,Canada,,,,,,
828,Canada,37479,Stephen Eustáquio,29.0,Midfield,,,Canada,,,,,,
828,Canada,72777,Mathieu Choinière,27.0,Midfield,,,Canada,,,,,,
828,Canada,113175,Tajon Buchanan,27.0,Midfield,,,Canada,,,,,,
828,Canada,140546,Marcelo Flores,22.0,Midfield,,,Canada,,,,,,
828,Canada,171216,Nathan-Dylan Saliba,22.0,Midfield,,,Canada,,,,,,
828,Canada,172183,Ismael Kone,24.0,Midfield,,,Canada,,,,,,
828,Canada,181976,Ali Ahmed,25.0,Midfield,,,Canada,,,,,,
828,Canada,216809,Niko Sigur,22.0,Midfield,,,Canada,,,,,,
828,Canada,8924,Jonathan David,26.0,Offence,,,Canada,,,,,,
828,Canada,15958,Cyle Larin,31.0,Offence,,,Canada,,,,,,
828,Canada,110807,Liam Millar,26.0,Offence,,,Canada,,,,,,
828,Canada,111842,Jacob Shaffelburg,26.0,Offence,,,Canada,,,,,,
828,Canada,177826,Tani Oluwaseyi,26.0,Offence,,,Canada,,,,,,
828,Canada,260992,Promise Akinpelu,24.0,Offence,,,Canada,,,,,,
836,Haiti,154781,Alexandre Pierre,25.0,Goalkeeper,,,Haiti,,,,,,
836,Haiti,170624,Johny Placide,38.0,Goalkeeper,,,Haiti,,,,,,
836,Haiti,295199,Josué Duverger,26.0,Goalkeeper,,,Haiti,,,,,,
836,Haiti,532,Carlens Arcus,29.0,Defence,,,Haiti,,,,,,
836,Haiti,776,Jean-Kevin Duverne,28.0,Defence,,,Haiti,,,,,,
836,Haiti,8845,Hannes Delcroix,27.0,Defence,,,Haiti,,,,,,
836,Haiti,158228,Martin Expérience,27.0,Defence,,,Haiti,,,,,,
836,Haiti,166220,Ricardo Adé,36.0,Defence,,,Haiti,,,,,,
836,Haiti,253605,Duke LaCroix,32.0,Defence,,,Haiti,,,,,,
836,Haiti,253661,Garven-Michee Metusala,26.0,Defence,,,Haiti,,,,,,
836,Haiti,256398,Keeto Thermoncy,20.0,Defence,,,Haiti,,,,,,
836,Haiti,291152,Wilguens Paugain,24.0,Defence,,,Haiti,,,,,,
836,Haiti,788,Jean-Ricner Bellegarde,27.0,Midfield,,,Haiti,,,,,,
836,Haiti,77609,Derrick Etienne,29.0,Midfield,,,Haiti,,,,,,
836,Haiti,177049,Danley Jean Jacques,26.0,Midfield,,,Haiti,,,,,,
836,Haiti,182788,Dominique Simon,25.0,Midfield,,,Haiti,,,,,,
836,Haiti,250006,Carl Sainté,23.0,Midfield,,,Haiti,,,,,,
836,Haiti,295197,Woodensky Pierre,21.0,Midfield,,,Haiti,,,,,,
836,Haiti,5380,Duckens Nazon,32.0,Offence,,,Haiti,,,,,,
836,Haiti,74870,Frantzdy Pierrot,31.0,Offence,,,Haiti,,,,,,
836,Haiti,82421,Yassin Fortune,27.0,Offence,,,Haiti,,,,,,
836,Haiti,83599,Wilson Isidor,25.0,Offence,,,Haiti,,,,,,
836,Haiti,106726,Lenny Joseph,25.0,Offence,,,Haiti,,,,,,
836,Haiti,125787,Louicius Don Deedson,25.0,Offence,,,Haiti,,,,,,
836,Haiti,152737,Josué Casimir,24.0,Offence,,,Haiti,,,,,,
836,Haiti,152801,Ruben Providence,24.0,Offence,,,Haiti,,,,,,
840,Iran,3797,Hossein Hosseini,33.0,Goalkeeper,,,Iran,,,,,,
840,Iran,103099,Payam Niazmand,31.0,Goalkeeper,,,Iran,,,,,,
840,Iran,171319,Alireza Beiranvand,33.0,Goalkeeper,,,Iran,,,,,,
840,Iran,3800,Ehsan Hajsafi,36.0,Defence,,,Iran,,,,,,
840,Iran,3804,Ramin Rezaeian,36.0,Defence,,,Iran,,,,,,
840,Iran,3811,Milad Mohammadi,32.0,Defence,,,Iran,,,,,,
840,Iran,231884,Hossein Kanaanizadegan,32.0,Defence,,,Iran,,,,,,
840,Iran,231889,Shojae Khalilzadeh,37.0,Defence,,,Iran,,,,,,
840,Iran,231900,Rouzbeh Cheshmi,32.0,Defence,,,Iran,,,,,,
840,Iran,249673,Saleh Hardani,27.0,Defence,,,Iran,,,,,,
840,Iran,295339,Ali Nemati,30.0,Defence,,,Iran,,,,,,
840,Iran,295340,Danial Eiri,22.0,Defence,,,Iran,,,,,,
840,Iran,3821,Saeid Ezatolahi,29.0,Midfield,,,Iran,,,,,,
840,Iran,189724,Mehdi Torabi,31.0,Midfield,,,Iran,,,,,,
840,Iran,189790,Mohammad Ghorbani,25.0,Midfield,,,Iran,,,,,,
840,Iran,244158,Ariya Yousefi,24.0,Midfield,,,Iran,,,,,,
840,Iran,249672,Medhi Ghayedi,27.0,Midfield,,,Iran,,,,,,
840,Iran,295334,Amir Razzaghinia,20.0,Midfield,,,Iran,,,,,,
840,Iran,3819,Alireza Jahanbakhsh,32.0,Offence,,,Iran,,,,,,
840,Iran,3820,Mehdi Taremi,33.0,Offence,,,Iran,,,,,,
840,Iran,33634,Dennis Eckert,29.0,Offence,,,Iran,,,,,,
840,Iran,119530,Ali Alipour,30.0,Offence,,,Iran,,,,,,
840,Iran,152180,Shahriar Moghanlou,31.0,Offence,,,Iran,,,,,,
840,Iran,172641,Mohammad Mohebi,27.0,Offence,,,Iran,,,,,,
840,Iran,179746,Saman Ghoddos,32.0,Offence,,,Iran,,,,,,
840,Iran,254746,Amir Hosseinzadeh,25.0,Offence,,,Iran,,,,,,
1060,Bosnia-Herzegovina,17645,Martin Zlomislić,27.0,Goalkeeper,,,Bosnia-Herzegovina,,,,,,
1060,Bosnia-Herzegovina,65105,Nikola Vasilj,30.0,Goalkeeper,,,Bosnia-Herzegovina,,,,,,
1060,Bosnia-Herzegovina,276572,Mladen Jurkas,18.0,Goalkeeper,,,Bosnia-Herzegovina,,,,,,
1060,Bosnia-Herzegovina,7786,Sead Kolašinac,32.0,Defence,,,Bosnia-Herzegovina,,,,,,
1060,Bosnia-Herzegovina,15357,Dennis Hadžikadunić,27.0,Defence,,,Bosnia-Herzegovina,,,,,,
1060,Bosnia-Herzegovina,17869,Nihad Mujakić,28.0,Defence,,,Bosnia-Herzegovina,,,,,,
1060,Bosnia-Herzegovina,23182,Nikola Katić,29.0,Defence,,,Bosnia-Herzegovina,,,,,,
1060,Bosnia-Herzegovina,65758,Stjepan Radeljić,28.0,Defence,,,Bosnia-Herzegovina,,,,,,
1060,Bosnia-Herzegovina,81816,Amar Dedić,23.0,Defence,,,Austria,,,,,,
1060,Bosnia-Herzegovina,189153,Tarik Muharemović,23.0,Defence,,,Bosnia-Herzegovina,,,,,,
1060,Bosnia-Herzegovina,216398,Nidal Čelik,19.0,Defence,,,Bosnia-Herzegovina,,,,,,
1060,Bosnia-Herzegovina,9400,Dženis Burnić,28.0,Midfield,,,Bosnia-Herzegovina,,,,,,
1060,Bosnia-Herzegovina,23206,Ivan Šunjić,29.0,Midfield,,,Bosnia-Herzegovina,,,,,,
1060,Bosnia-Herzegovina,30102,Amir Hadžiahmetović,29.0,Midfield,,,Bosnia-Herzegovina,,,,,,
1060,Bosnia-Herzegovina,119385,Armin Gigovic,24.0,Midfield,,,Bosnia-Herzegovina,,,,,,
1060,Bosnia-Herzegovina,147030,Ivan Bašić,24.0,Midfield,,,Bosnia-Herzegovina,,,,,,
1060,Bosnia-Herzegovina,189280,Benjamin Tahirovic,23.0,Midfield,,,Bosnia-Herzegovina,,,,,,
1060,Bosnia-Herzegovina,221764,Ermin Mahmic,21.0,Midfield,,,Bosnia and Herzegovina,,,,,,
1060,Bosnia-Herzegovina,275052,Amar Memić,25.0,Midfield,,,Bosnia-Herzegovina,,,,,,
1060,Bosnia-Herzegovina,1822,Edin Džeko,40.0,Offence,,,Bosnia-Herzegovina,,,,,,
1060,Bosnia-Herzegovina,17767,Jovo Lukić,27.0,Offence,,,Bosnia-Herzegovina,,,,,,
1060,Bosnia-Herzegovina,33242,Ermedin Demirovic,28.0,Offence,,,Bosnia-Herzegovina,,,,,,
1060,Bosnia-Herzegovina,63218,Haris Tabaković,31.0,Offence,,,Bosnia-Herzegovina,,,,,,
1060,Bosnia-Herzegovina,172226,Samed Bazdar,22.0,Offence,,,Bosnia-Herzegovina,,,,,,
1060,Bosnia-Herzegovina,186380,Esmir Bajraktarevic,21.0,Offence,,,Bosnia-Herzegovina,,,,,,
1060,Bosnia-Herzegovina,272213,Kerim Alajbegović,18.0,Offence,,,Bosnia-Herzegovina,,,,,,
1836,Panama,28382,Luis Mejía,35.0,Goalkeeper,,,Panama,,,,,,
1836,Panama,100186,Orlando Mosquera,31.0,Goalkeeper,,,Panama,,,,,,
1836,Panama,110566,Cesar Samudio,32.0,Goalkeeper,,,Panama,,,,,,
1836,Panama,22771,Roderick Miller,34.0,Defence,,,Panama,,,,,,
1836,Panama,43786,Fidel Escobar,31.0,Defence,,,Panama,,,,,,
1836,Panama,43787,Éric Davis,35.0,Defence,,,Panama,,,,,,
1836,Panama,76711,Andrés Andrade,27.0,Defence,,,Panama,,,,,,
1836,Panama,84481,César Blackman,28.0,Defence,,,Panama,,,,,,
1836,Panama,100199,Jiovany Ramos,29.0,Defence,,,Panama,,,,,,
1836,Panama,103208,José Cordoba,25.0,Defence,,,Panama,,,,,,
1836,Panama,188908,Michael Murillo,30.0,Defence,,,Panama,,,,,,
1836,Panama,253717,Edgardo Fariña,24.0,Defence,,,Panama,,,,,,
1836,Panama,275040,Jorge Gutiérrez,27.0,Defence,,,Panama,,,,,,
1836,Panama,3864,Adalberto Carrasquilla,27.0,Midfield,,,Panama,,,,,,
1836,Panama,8919,José Luis Rodríguez,27.0,Midfield,,,Panama,,,,,,
1836,Panama,28668,Cecilio Waterman,35.0,Midfield,,,Panama,,,,,,
1836,Panama,39139,Édgar Bárcenas,32.0,Midfield,,,Panama,,,,,,
1836,Panama,43793,Aníbal Godoy,36.0,Midfield,,,Panama,,,,,,
1836,Panama,58751,Alberto Quintero,38.0,Midfield,,,Panama,,,,,,
1836,Panama,103158,Carlos Harvey,26.0,Midfield,,,Panama,,,,,,
1836,Panama,110577,César Yanis,30.0,Midfield,,,Panama,,,,,,
1836,Panama,166946,Christian Martinez,29.0,Midfield,,,Panama,,,,,,
1836,Panama,3868,José Fajardo,32.0,Offence,,,Panama,,,,,,
1836,Panama,43795,Ismael Díaz,29.0,Offence,,,Panama,,,,,,
1836,Panama,105650,Tomas Rodriguez,27.0,Offence,,,Panama,,,,,,
1836,Panama,159094,Azarias Londoño,24.0,Offence,,,Panama,,,,,,
1930,Cape Verde Islands,53172,Márcio Rosa,29.0,Goalkeeper,,,Cape Verde Islands,,,,,,
1930,Cape Verde Islands,120725,Vózinha,40.0,Goalkeeper,,,Cape Verde Islands,,,,,,
1930,Cape Verde Islands,150997,C.J. dos Santos,25.0,Goalkeeper,,,Cape Verde Islands,,,,,,
1930,Cape Verde Islands,593,Steven Moreira,31.0,Defence,,,Cape Verde Islands,,,,,,
1930,Cape Verde Islands,814,Logan Costa,25.0,Defence,,,Cape Verde Islands,,,,,,
1930,Cape Verde Islands,36618,Roberto Lopes,33.0,Defence,,,Cape Verde Islands,,,,,,
1930,Cape Verde Islands,45328,Diney Borges,31.0,Defence,,,Cape Verde Islands,,,,,,
1930,Cape Verde Islands,63097,Stopira,38.0,Defence,,,Cape Verde Islands,,,,,,
1930,Cape Verde Islands,209178,Sidny Lopes Cabral,23.0,Defence,,,Cape Verde Islands,,,,,,
1930,Cape Verde Islands,213136,Wagner Pina,23.0,Defence,,,Cape Verde Islands,,,,,,
1930,Cape Verde Islands,246869,Kelvin Pires,26.0,Defence,,,Cape Verde Islands,,,,,,
1930,Cape Verde Islands,7759,Deroy Duarte,26.0,Midfield,,,Cape Verde Islands,,,,,,
1930,Cape Verde Islands,30554,Garry Rodrigues,35.0,Midfield,,,Cape Verde Islands,,,,,,
1930,Cape Verde Islands,40121,Kevin Pina,29.0,Midfield,,,Cape Verde Islands,,,,,,
1930,Cape Verde Islands,67968,Laros Duarte,29.0,Midfield,,,Cape Verde Islands,,,,,,
1930,Cape Verde Islands,103108,Yannick Semedo,30.0,Midfield,,,Cape Verde Islands,,,,,,
1930,Cape Verde Islands,145346,Telmo Arcanjo,24.0,Midfield,,,Cape Verde Islands,,,,,,
1930,Cape Verde Islands,167455,Jamiro Monteiro,32.0,Midfield,,,Cape Verde Islands,,,,,,
1930,Cape Verde Islands,212575,João Paulo,28.0,Midfield,,,Cape Verde Islands,,,,,,
1930,Cape Verde Islands,9278,Willy Semedo,32.0,Offence,,,Cape Verde Islands,,,,,,
1930,Cape Verde Islands,30502,Ryan Mendes,36.0,Offence,,,Cape Verde Islands,,,,,,
1930,Cape Verde Islands,37116,Jovane Cabral,27.0,Offence,,,Cape Verde Islands,,,,,,
1930,Cape Verde Islands,151942,Gilson Tavares,24.0,Offence,,,Cape Verde Islands,,,,,,
1930,Cape Verde Islands,166784,Nuno Da Costa,35.0,Offence,,,Cape Verde Islands,,,,,,
1930,Cape Verde Islands,175919,Dailon Rocha Livramento,25.0,Offence,,,Cape Verde Islands,,,,,,
1930,Cape Verde Islands,213119,Hélio Varela,24.0,Offence,,,Cape Verde Islands,,,,,,
1934,Congo DR,98898,Timothy Fayulu,26.0,Goalkeeper,,,Congo DR,,,,,,
1934,Congo DR,106838,Lionel Mpasi,31.0,Goalkeeper,,,Congo DR,,,,,,
1934,Congo DR,170838,Matthieu Epolo,21.0,Goalkeeper,,,Congo DR,,,,,,
1934,Congo DR,3894,Axel Tuanzebe,28.0,Defence,,,Congo DR,,,,,,
1934,Congo DR,7918,Chancel Mbemba,31.0,Defence,,,Congo DR,,,,,,
1934,Congo DR,8158,Aaron Wan-Bissaka,28.0,Defence,,,Congo DR,,,,,,
1934,Congo DR,8204,Arthur Masuaku,32.0,Defence,,,Congo DR,,,,,,
1934,Congo DR,8700,Joris Kayembe,31.0,Defence,,,Congo DR,,,,,,
1934,Congo DR,9160,Dylan Batubinsika,30.0,Defence,,,Congo DR,,,,,,
1934,Congo DR,82600,Gédéon Kalulu,28.0,Defence,,,Congo DR,,,,,,
1934,Congo DR,220602,Steve Kapuadi,28.0,Defence,,,Congo DR,,,,,,
1934,Congo DR,8596,Gaël Kakuta,34.0,Midfield,,,Congo DR,,,,,,
1934,Congo DR,8701,Samuel Moutoussamy,29.0,Midfield,,,Congo DR,,,,,,
1934,Congo DR,8854,Edo Kayembe,28.0,Midfield,,,Congo DR,,,,,,
1934,Congo DR,14596,Aaron Tshibola,31.0,Midfield,,,Congo DR,,,,,,
1934,Congo DR,30876,Charles Pickel,29.0,Midfield,,,Congo DR,,,,,,
1934,Congo DR,182273,Noah Sadiki,21.0,Midfield,,,Congo DR,,,,,,
1934,Congo DR,192666,Ngal'ayel Mukau,21.0,Midfield,,,Congo DR,,,,,,
1934,Congo DR,612,Yoane Wissa,29.0,Offence,,,Congo DR,,,,,,
1934,Congo DR,9309,Theo Bongonda,30.0,Offence,,,Congo DR,,,,,,
1934,Congo DR,21583,Cédric Bakambu,35.0,Offence,,,Congo DR,,,,,,
1934,Congo DR,74554,Simon Banza,29.0,Offence,,,Congo DR,,,,,,
1934,Congo DR,125668,Nathanael Mbuku,24.0,Offence,,,Congo DR,,,,,,
1934,Congo DR,166776,Meschack Elia,28.0,Offence,,,Congo DR,,,,,,
1934,Congo DR,243626,Brian Cipenga,28.0,Offence,,,Congo DR,,,,,,
1934,Congo DR,245577,Fiston Mayele,31.0,Offence,,,Congo DR,,,,,,
1935,Ivory Coast,616,Yahia Fofana,25.0,Goalkeeper,,,Ivory Coast,,,,,,
1935,Ivory Coast,8292,Alban Lafont,27.0,Goalkeeper,,,Ivory Coast,,,,,,
1935,Ivory Coast,170943,Mohamed Kone,24.0,Goalkeeper,,,Ivory Coast,,,,,,
1935,Ivory Coast,526,Evan N'Dicka,26.0,Defence,,,Ivory Coast,,,,,,
1935,Ivory Coast,700,Christopher Operi,29.0,Defence,,,Ivory Coast,,,,,,
1935,Ivory Coast,37432,Ghislain Konan,30.0,Defence,,,Ivory Coast,,,,,,
1935,Ivory Coast,113375,Wilfried Singo,25.0,Defence,,,Ivory Coast,,,,,,
1935,Ivory Coast,135473,Guela Doué,23.0,Defence,,,Ivory Coast,,,,,,
1935,Ivory Coast,149731,Emmanuel Agbadou,28.0,Defence,,,Ivory Coast,,,,,,
1935,Ivory Coast,167098,Odilon Kossounou,25.0,Defence,,,Ivory Coast,,,,,,
1935,Ivory Coast,191760,Ousmane Diomande,22.0,Defence,,,Ivory Coast,,,,,,
1935,Ivory Coast,1747,Franck Kessié,29.0,Midfield,,,Ivory Coast,,,,,,
1935,Ivory Coast,2126,Seko Fofana,31.0,Midfield,,,Ivory Coast,,,,,,
1935,Ivory Coast,8307,Ibrahim Sangaré,28.0,Midfield,,,Ivory Coast,,,,,,
1935,Ivory Coast,8430,Jean Michaël Seri,34.0,Midfield,,,Ivory Coast,,,,,,
1935,Ivory Coast,133584,Amad Diallo,23.0,Midfield,,,Ivory Coast,,,,,,
1935,Ivory Coast,144698,Parfait Guiagon,25.0,Midfield,,,Ivory Coast,,,,,,
1935,Ivory Coast,269161,Christ Ravynel Inao Oulaï,20.0,Midfield,,,Ivory Coast,,,,,,
1935,Ivory Coast,8412,Nicolas Pépé,31.0,Offence,,,Ivory Coast,,,,,,
1935,Ivory Coast,128710,Evann Guessand,24.0,Offence,,,Ivory Coast,,,,,,
1935,Ivory Coast,152738,Ange-Yoan Bonny,22.0,Offence,,,Ivory Coast,,,,,,
1935,Ivory Coast,156808,Sepe Elye Wahi,23.0,Offence,,,Ivory Coast,,,,,,
1935,Ivory Coast,166249,Simon Adingra,24.0,Offence,,,Ivory Coast,,,,,,
1935,Ivory Coast,188275,Oumar Diakite,22.0,Offence,,,Ivory Coast,,,,,,
1935,Ivory Coast,249312,Bazoumana Touré,20.0,Offence,,,Ivory Coast,,,,,,
1935,Ivory Coast,277484,Yan Diomandé,19.0,Offence,,,Ivory Coast,,,,,,
8030,Qatar,103173,Salah Zakaria,27.0,Goalkeeper,,,Qatar,,,,,,
8030,Qatar,129104,Meshaal Barsham,28.0,Goalkeeper,,,Qatar,,,,,,
8030,Qatar,156781,Mahmoud Abunada,26.0,Goalkeeper,,,Qatar,,,,,,
8030,Qatar,115828,Boualem Khoukhi,35.0,Defence,,,Qatar,,,,,,
8030,Qatar,189707,Jassem Gaber Abdulsallam,24.0,Defence,,,Qatar,,,,,,
8030,Qatar,189725,Homam Ahmed,26.0,Defence,,,Qatar,,,,,,
8030,Qatar,189969,Ró-Ró,35.0,Defence,,,Qatar,,,,,,
8030,Qatar,194260,Lucas Mendes,35.0,Defence,,,Qatar,,,,,,
8030,Qatar,249804,Sultan Al Brake,30.0,Defence,,,Qatar,,,,,,
8030,Qatar,253305,Hashemi Al Hussain,22.0,Defence,,,Qatar,,,,,,
8030,Qatar,295191,Issa Laye,28.0,Defence,,,Qatar,,,,,,
8030,Qatar,295196,Ayoub Al-Oui,21.0,Defence,,,Qatar,,,,,,
8030,Qatar,57667,Assim Madibo,29.0,Midfield,,,Qatar,,,,,,
8030,Qatar,115827,Abdulaziz Hatem,35.0,Midfield,,,Qatar,,,,,,
8030,Qatar,115829,Karim Boudiaf,35.0,Midfield,,,Qatar,,,,,,
8030,Qatar,115832,Ahmed Fathy,33.0,Midfield,,,Qatar,,,,,,
8030,Qatar,129107,Yusuf Abdurisag,26.0,Midfield,,,Qatar,,,,,,
8030,Qatar,249923,Ahmed Al Ganehi,25.0,Midfield,,,Qatar,,,,,,
8030,Qatar,253301,Tahsin Jamshid,19.0,Midfield,,,Qatar,,,,,,
8030,Qatar,295195,Mohamed Al-Mannai,22.0,Midfield,,,Qatar,,,,,,
8030,Qatar,57652,Akram Afif,29.0,Offence,,,Qatar,,,,,,
8030,Qatar,115837,Almoez Ali,29.0,Offence,,,Qatar,,,,,,
8030,Qatar,135684,Mohammed Muntari,32.0,Offence,,,Qatar,,,,,,
8030,Qatar,189973,Hassan Al Haydos,35.0,Offence,,,Qatar,,,,,,
8030,Qatar,189976,Ahmed Alaa Eldin,33.0,Offence,,,Qatar,,,,,,
8030,Qatar,255986,Edmílson,31.0,Offence,,,Qatar,,,,,,
8049,Jordan,243818,Yazeed Abu Layla,33.0,Goalkeeper,,,Jordan,,,,,,
8049,Jordan,249669,Abdallah Al Fakhouri,26.0,Goalkeeper,,,Jordan,,,,,,
8049,Jordan,250010,Noureddin Bani Ateyah,33.0,Goalkeeper,,,Jordan,,,,,,
8049,Jordan,116915,Ehsan Haddad,32.0,Defence,,,Jordan,,,,,,
8049,Jordan,116921,Saleem Obaid,34.0,Defence,,,Jordan,,,,,,
8049,Jordan,119303,Yazan Al Arab,30.0,Defence,,,Jordan,,,,,,
8049,Jordan,202806,Mohammad Abualnadi,25.0,Defence,,,Jordan,,,,,,
8049,Jordan,244110,Abdallah Naseeb,32.0,Defence,,,Jordan,,,,,,
8049,Jordan,249653,Saed Al Rosan,29.0,Defence,,,Jordan,,,,,,
8049,Jordan,295354,Husam Abu Dahab,26.0,Defence,,,Jordan,,,,,,
8049,Jordan,295867,Anas Badawi,28.0,Defence,,,Jordan,,,,,,
8049,Jordan,231890,Nizar Al Rashdan,27.0,Midfield,,,Jordan,,,,,,
8049,Jordan,244171,Rajaei Ayed,32.0,Midfield,,,Jordan,,,,,,
8049,Jordan,244206,Noor Al Rawabdeh,29.0,Midfield,,,Jordan,,,,,,
8049,Jordan,244241,Mohammad Abu Hasheesh,31.0,Midfield,,,Jordan,,,,,,
8049,Jordan,249756,Ibrahim Saadeh,26.0,Midfield,,,Jordan,,,,,,
8049,Jordan,295351,Mohammad Al-Dawoud,33.0,Midfield,,,Jordan,,,,,,
8049,Jordan,295352,Amer Jamous,23.0,Midfield,,,Jordan,,,,,,
8049,Jordan,98763,Musa Al Taamari,29.0,Offence,,,Jordan,,,,,,
8049,Jordan,116928,Mahmoud Al Mardi,32.0,Offence,,,Jordan,,,,,,
8049,Jordan,244174,Ali Olwan,26.0,Offence,,,Jordan,,,,,,
8049,Jordan,244346,Mohannad Abu Taha,23.0,Offence,,,Jordan,,,,,,
8049,Jordan,249762,Mohammad Abu Zrayq,28.0,Offence,,,Jordan,,,,,,
8049,Jordan,280317,Ibrahim Sabra,20.0,Offence,,,Jordan,,,,,,
8049,Jordan,295348,Odeh Fakhoury,20.0,Offence,,,Jordan,,,,,,
8049,Jordan,295350,Ali Azaizeh,22.0,Offence,,,Jordan,,,,,,
8062,Iraq,117137,Jalal Hassan,35.0,Goalkeeper,,,Iraq,,,,,,
8062,Iraq,132162,Fahad Talib,31.0,Goalkeeper,,,Iraq,,,,,,
8062,Iraq,236206,Ahmed Basil,29.0,Goalkeeper,,,Iraq,,,,,,
8062,Iraq,129968,Hussein Ali,24.0,Defence,,,Iraq,,,,,,
8062,Iraq,152724,Merchas Doski,26.0,Defence,,,Iraq,,,,,,
8062,Iraq,210821,Rebin Sulaka,34.0,Defence,,,Iraq,,,,,,
8062,Iraq,236191,Mustafa Saadoun,25.0,Defence,,,Iraq,,,,,,
8062,Iraq,236195,Ahmed Yahya,30.0,Defence,,,Iraq,,,,,,
8062,Iraq,236201,Frans Putros,32.0,Defence,,,Iraq,,,,,,
8062,Iraq,249839,Zaid Tahseen,25.0,Defence,,,Iraq,,,,,,
8062,Iraq,249877,Manaf Younis,29.0,Defence,,,Iraq,,,,,,
8062,Iraq,253190,Akam Hashem,27.0,Defence,,,Iraq,,,,,,
8062,Iraq,31373,Amir Al Ammari,28.0,Midfield,,,Iraq,,,,,,
8062,Iraq,35515,Kevin Yakob,25.0,Midfield,,,Iraq,,,,,,
8062,Iraq,117481,Aimar Sher,23.0,Midfield,,,Iraq,,,,,,
8062,Iraq,123067,Ibrahim Bayesh,26.0,Midfield,,,Iraq,,,,,,
8062,Iraq,165049,Youssef Amyn,22.0,Midfield,,,Iraq,,,,,,
8062,Iraq,167462,Ahmed Qasem,22.0,Midfield,,,Iraq,,,,,,
8062,Iraq,176642,Zidane Iqbal,23.0,Midfield,,,Iraq,,,,,,
8062,Iraq,295321,Zaid Ismail,24.0,Midfield,,,Iraq,,,,,,
8062,Iraq,117153,Aymen Hussein,30.0,Offence,,,Iraq,,,,,,
8062,Iraq,177008,Ali Al-Hamadi,24.0,Offence,,,Iraq,,,,,,
8062,Iraq,193630,Marko Farji,22.0,Offence,,,Iraq,,,,,,
8062,Iraq,218847,Ali Jassim El-Aibi,22.0,Offence,,,Iraq,,,,,,
8062,Iraq,221753,Mohanad Ali,25.0,Offence,,,Iraq,,,,,,
8062,Iraq,295189,Ali Yousif,30.0,Offence,,,Iraq,,,,,,
8070,Uzbekistan,243911,Abduvakhid Nematov,25.0,Goalkeeper,,,Uzbekistan,,,,,,
8070,Uzbekistan,244395,Botir Ergashev,30.0,Goalkeeper,,,Uzbekistan,,,,,,
8070,Uzbekistan,244531,Utkir Yusupov,35.0,Goalkeeper,,,Uzbekistan,,,,,,
8070,Uzbekistan,132172,Rustam Ashurmatov,29.0,Defence,,,Uzbekistan,,,,,,
8070,Uzbekistan,132173,Umar Eshmurodov,33.0,Defence,,,Uzbekistan,,,,,,
8070,Uzbekistan,212868,Abdukodir Khusanov,22.0,Defence,,,Uzbekistan,,,,,,
8070,Uzbekistan,221787,Jakhongir O'rozov,22.0,Defence,,,Uzbekistan,,,,,,
8070,Uzbekistan,231904,Farrukh Sayfiyev,35.0,Defence,,,Uzbekistan,,,,,,
8070,Uzbekistan,243825,Khodjiakbar Alijonov,29.0,Defence,,,Uzbekistan,,,,,,
8070,Uzbekistan,243838,Sherzod Nasrullayev,27.0,Defence,,,Uzbekistan,,,,,,
8070,Uzbekistan,243928,Abdulla Abdullayev,28.0,Defence,,,Uzbekistan,,,,,,
8070,Uzbekistan,295345,Bekhruz Karimov,18.0,Defence,,,Uzbekistan,,,,,,
8070,Uzbekistan,295866,Avazbek Ulmasaliev,26.0,Defence,,,Uzbekistan,,,,,,
8070,Uzbekistan,49149,Dostonbek Xamdamov,29.0,Midfield,,,Uzbekistan,,,,,,
8070,Uzbekistan,117321,Otabek Shukurov,29.0,Midfield,,,Uzbekistan,,,,,,
8070,Uzbekistan,119221,Oston Urunov,25.0,Midfield,,,Uzbekistan,,,,,,
8070,Uzbekistan,132176,Jamshid Iskanderov,32.0,Midfield,,,Uzbekistan,,,,,,
8070,Uzbekistan,149716,Akmal Mozgovoy,26.0,Midfield,,,Uzbekistan,,,,,,
8070,Uzbekistan,214531,Abbosbek Fayzullaev,22.0,Midfield,,,Uzbekistan,,,,,,
8070,Uzbekistan,232740,Azizjon Ganiev,28.0,Midfield,,,Uzbekistan,,,,,,
8070,Uzbekistan,232753,Odiljon Hamrobekov,30.0,Midfield,,,Uzbekistan,,,,,,
8070,Uzbekistan,262464,Sherzod Esanov,23.0,Midfield,,,Uzbekistan,,,,,,
8070,Uzbekistan,49307,Eldor Shomurodov,30.0,Offence,,,Uzbekistan,,,,,,
8070,Uzbekistan,183140,Igor Sergeev,33.0,Offence,,,Uzbekistan,,,,,,
8070,Uzbekistan,212675,Ruslanbek Jiyanov,25.0,Offence,,,Uzbekistan,,,,,,
8070,Uzbekistan,249659,Azizbek Amonov,28.0,Offence,,,Uzbekistan,,,,,,
8601,Netherlands,9923,Mark Flekken,32.0,Goalkeeper,,,Netherlands,,,,,,
8601,Netherlands,126870,Bart Verbruggen,23.0,Goalkeeper,,,Netherlands,,,,,,
8601,Netherlands,137691,Robin Roefs,23.0,Goalkeeper,,,Netherlands,,,,,,
8601,Netherlands,7417,Denzel Dumfries,30.0,Defence,,,Netherlands,,,,,,
8601,Netherlands,7869,Virgil van Dijk,34.0,Defence,,,Netherlands,,,,,,
8601,Netherlands,8240,Nathan Aké,31.0,Defence,,,Netherlands,,,,,,
8601,Netherlands,98566,Jan Paul van Hecke,26.0,Defence,,,Netherlands,,,,,,
8601,Netherlands,98816,Jurrien Timber,24.0,Defence,,,Netherlands,,,,,,
8601,Netherlands,131177,Mickey van de Ven,25.0,Defence,,,Netherlands,,,,,,
8601,Netherlands,189477,Jorrel Hato,20.0,Defence,,,Netherlands,,,,,,
8601,Netherlands,1848,Marten de Roon,35.0,Midfield,,,Netherlands,,,,,,
8601,Netherlands,7457,Donyell Malen,27.0,Midfield,,,Netherlands,,,,,,
8601,Netherlands,7559,Frenkie de Jong,29.0,Midfield,,,Netherlands,,,,,,
8601,Netherlands,7565,Noa Lang,26.0,Midfield,,,Netherlands,,,,,,
8601,Netherlands,7688,Guus Til,28.0,Midfield,,,Netherlands,,,,,,
8601,Netherlands,7693,Teun Koopmeiners,28.0,Midfield,,,Netherlands,,,,,,
8601,Netherlands,7696,Tijjani Reijnders,27.0,Midfield,,,Netherlands,,,,,,
8601,Netherlands,81793,Ryan Gravenberch,24.0,Midfield,,,Netherlands,,,,,,
8601,Netherlands,97505,Mats Wieffer,26.0,Midfield,,,Netherlands,,,,,,
8601,Netherlands,97536,Quinten Timber,24.0,Midfield,,,Netherlands,,,,,,
8601,Netherlands,102193,Crysencio Summerville,24.0,Midfield,,,Netherlands,,,,,,
8601,Netherlands,7459,Cody Gakpo,27.0,Offence,,,Netherlands,,,,,,
8601,Netherlands,7561,Justin Kluivert,27.0,Offence,,,Netherlands,,,,,,
8601,Netherlands,7697,Wout Weghorst,33.0,Offence,,,Netherlands,,,,,,
8601,Netherlands,8472,Memphis Depay,32.0,Offence,,,Netherlands,,,,,,
8601,Netherlands,97535,Brian Brobbey,24.0,Offence,,,Netherlands,,,,,,
8872,Norway,6843,Ørjan Nyland,35.0,Goalkeeper,,,Norway,,,,,,
8872,Norway,44441,Egil Selvik,28.0,Goalkeeper,,,Norway,,,,,,
8872,Norway,146024,Sander Tangvik,23.0,Goalkeeper,,,Norway,,,,,,
8872,Norway,16068,Kristoffer Ajer,28.0,Defence,,,Norway,,,,,,
8872,Norway,16197,Torbjørn Heggem,27.0,Defence,,,Norway,,,,,,
8872,Norway,37913,Fredrik Bjørkan,27.0,Defence,,,Norway,,,,,,
8872,Norway,38548,Marcus Pedersen,25.0,Defence,,,Norway,,,,,,
8872,Norway,44030,Julian Ryerson,28.0,Defence,,,Norway,,,,,,
8872,Norway,44032,Leo Østigård,26.0,Defence,,,Norway,,,,,,
8872,Norway,135036,Henrik Falchener,23.0,Defence,,,Norway,,,,,,
8872,Norway,145159,Sondre Langås,25.0,Defence,,,Norway,,,,,,
8872,Norway,205467,David Wolfe,24.0,Defence,,,Norway,,,,,,
8872,Norway,7421,Morten Thorsby,30.0,Midfield,,,Norway,,,,,,
8872,Norway,7427,Martin Ødegaard,27.0,Midfield,,,Norway,,,,,,
8872,Norway,8973,Sander Berge,28.0,Midfield,,,Norway,,,,,,
8872,Norway,37924,Patrick Berg,28.0,Midfield,,,Norway,,,,,,
8872,Norway,38088,Fredrik Aursnes,30.0,Midfield,,,Norway,,,,,,
8872,Norway,44033,Kristian Thorstvedt,27.0,Midfield,,,Norway,,,,,,
8872,Norway,150589,Thelo Aasgaard,24.0,Midfield,,,Norway,,,,,,
8872,Norway,169295,Antonio Nusa,21.0,Midfield,,,Norway,,,,,,
8872,Norway,179716,Oscar Bobb,22.0,Midfield,,,Norway,,,,,,
8872,Norway,8167,Alexander Sørloth,30.0,Offence,,,Norway,,,,,,
8872,Norway,37916,Jens Hauge,26.0,Offence,,,Norway,,,,,,
8872,Norway,38101,Erling Haaland,25.0,Offence,,,Norway,,,,,,
8872,Norway,157796,Andreas Schjelderup,22.0,Offence,,,Norway,,,,,,
8872,Norway,213269,Jørgen Strand Larsen,26.0,Offence,,,Norway,,,,,,
8873,Scotland,3981,Angus Gunn,30.0,Goalkeeper,,,Scotland,,,,,,
8873,Scotland,15607,Craig Gordon,43.0,Goalkeeper,,,Scotland,,,,,,
8873,Scotland,34960,Liam Kelly,30.0,Goalkeeper,,,Scotland,,,,,,
8873,Scotland,3986,Grant Hanley,34.0,Defence,,,Scotland,,,,,,
8873,Scotland,5769,Dominic Hyam,30.0,Defence,,,Scotland,,,,,,
8873,Scotland,7868,Andrew Robertson,32.0,Defence,,,Scotland,,,,,,
8873,Scotland,15615,Kieran Tierney,29.0,Defence,,,Scotland,,,,,,
8873,Scotland,16070,Jack Hendry,31.0,Defence,,,Scotland,,,,,,
8873,Scotland,34411,Anthony Ralston,27.0,Defence,,,Scotland,,,,,,
8873,Scotland,34429,John Souttar,29.0,Defence,,,Scotland,,,,,,
8873,Scotland,34486,Scott McKenna,29.0,Defence,,,Scotland,,,,,,
8873,Scotland,101111,Aaron Hickey,24.0,Defence,,,Scotland,,,,,,
8873,Scotland,138174,Nathan Patterson,24.0,Defence,,,Scotland,,,,,,
8873,Scotland,7905,Scott McTominay,29.0,Midfield,,,Scotland,,,,,,
8873,Scotland,34494,Kenny McLean,34.0,Midfield,,,Scotland,,,,,,
8873,Scotland,34495,Ryan Christie,31.0,Midfield,,,Scotland,,,,,,
8873,Scotland,34638,Lewis Ferguson,26.0,Midfield,,,Scotland,,,,,,
8873,Scotland,34646,John McGinn,31.0,Midfield,,,Scotland,,,,,,
8873,Scotland,176789,Ben Doak,20.0,Midfield,,,Scotland,,,,,,
8873,Scotland,270697,Findlay Curtis,,Midfield,,,Scotland,,,,,,
8873,Scotland,290139,Tyler Fletcher,19.0,Midfield,,,England,,,,,,
8873,Scotland,4119,Che Adams,29.0,Offence,,,Scotland,,,,,,
8873,Scotland,25606,George Hirst,27.0,Offence,,,Scotland,,,,,,
8873,Scotland,35101,Ross Stewart,29.0,Offence,,,Scotland,,,,,,
8873,Scotland,35126,Lyndon Dykes,30.0,Offence,,,Scotland,,,,,,
8873,Scotland,52043,Lawrence Shankland,30.0,Offence,,,Scotland,,,,,,
9460,Curaçao,7412,Trevor Doornbusch,26.0,Goalkeeper,,,Curaçao,,,,,,
9460,Curaçao,7437,Eloy Room,37.0,Goalkeeper,,,Curaçao,,,,,,
9460,Curaçao,171283,Tyrick Bodak,24.0,Goalkeeper,,,Curaçao,,,,,,
9460,Curaçao,7229,Roshon van Eijma,28.0,Defence,,,Curaçao,,,,,,
9460,Curaçao,7438,Joshua Brenet,32.0,Defence,,,Curaçao,,,,,,
9460,Curaçao,7443,Armando Obispo,27.0,Defence,,,Curaçao,,,,,,
9460,Curaçao,7744,Sheral Floranus,27.0,Defence,,,Curaçao,,,,,,
9460,Curaçao,9428,Riechedly Bazoer,29.0,Defence,,,Curaçao,,,,,,
9460,Curaçao,55417,Juriën Gaari,32.0,Defence,,,Curaçao,,,,,,
9460,Curaçao,137697,Shurandy Sambo,24.0,Defence,,,Curaçao,,,,,,
9460,Curaçao,149120,Ar'jany Martha,22.0,Defence,,,Curaçao,,,,,,
9460,Curaçao,166156,Livano Comenencia,22.0,Defence,,,Curaçao,,,,,,
9460,Curaçao,177433,Deveron Fonville,23.0,Defence,,,Curaçao,,,,,,
9460,Curaçao,191954,Tyrese Noslin,23.0,Defence,,,Curaçao,,,,,,
9460,Curaçao,4280,Leandro Bacuna,34.0,Midfield,,,Curaçao,,,,,,
9460,Curaçao,7274,Godfried Roemeratoe,26.0,Midfield,,,Curaçao,,,,,,
9460,Curaçao,7518,Juninho Bacuna,28.0,Midfield,,,Curaçao,,,,,,
9460,Curaçao,53327,Kevin Felida,26.0,Midfield,,,Curaçao,,,,,,
9460,Curaçao,6597,Gervane Kastaneer,30.0,Offence,,,Curaçao,,,,,,
9460,Curaçao,7986,Kenji Gorré,31.0,Offence,,,Curaçao,,,,,,
9460,Curaçao,8288,Jürgen Locadia,32.0,Offence,,,Curaçao,,,,,,
9460,Curaçao,98483,Tahith Chong,26.0,Offence,,,Curaçao,,,,,,
9460,Curaçao,137025,Sontje Hansen,24.0,Offence,,,Curaçao,,,,,,
9460,Curaçao,149134,Jearl Margaritha,26.0,Offence,,,Curaçao,,,,,,
9460,Curaçao,156631,Jeremy Antonisse,24.0,Offence,,,Curaçao,,,,,,
9460,Curaçao,190770,Brandley Kuwas,33.0,Offence,,,Curaçao,,,,,,
